6155,Nicholas Station
7822,Charles Park
8998,Chad Fords
0384,Edwards Bypass
899,Smith Ports
879,Burns Pines
33967,Whitney Causeway
485,Brett Circle
30098,Lloyd Port
35483,Dunlap Islands
401,April Ford
9604,Nelson Falls
5231,Graham Centers
752,Rivas Knoll
015,Brandt Keys
4533,Michelle Trafficway
78446,Shaun Manor
8124,Melissa Skyway
31391,Welch Turnpike
380,Christensen Divide
5038,Deanna Burg
639,Tiffany Bypass
16644,Brendan Street
2475,Gutierrez Union
68000,Crystal Isle
6216,Jennifer Wells
7786,Reese Tunnel
632,Clark Forges
619,Miller Lodge
9603,Craig Circle
293,Russell Passage
7238,Lewis Extensions
371,Wong Meadows
81212,Burton Views
260,Carlson Forge
442,Smith Roads
76167,Ebony Harbors
813,Deborah Vista
5398,Chris Rapid
182,Mills Meadows
7640,Crystal Plaza
934,Spencer Branch
5641,Williams Radial
6914,Shawn Oval
3733,Whitehead Mountain
20526,Mitchell Dale
731,Rebecca Vista
281,Herrera Turnpike
7827,Michael Stream
79075,Melissa Glen
0394,Obrien Station
313,Preston Flats
8628,Holmes Rapids
81520,Donovan Stravenue
50335,Mitchell Dam
12816,Moore Spring
4422,Moore Islands
660,Hopkins Club
3574,Poole Key
3734,Joshua Valley
625,Bell Greens
030,Freeman Curve
60012,Gregory Green
27251,Bishop Center
2843,Allison Meadows
277,Sara Summit
68927,Jenkins Rapid
9131,Wolf Drives
07335,William Gardens
2609,Eric Harbors
93665,Ortega Glens
6721,Arellano Glens
98173,Sanders Orchard
583,Allen Gateway
048,Moore Locks
1787,Tanya Roads
9972,Harrington Throughway
60919,Mcdonald Center
5568,Charlene Course
3699,Pope Plains
2996,Erica Port
44475,Nichols Common
47359,Price Valley
18830,Michelle Burg
89890,Fry Wall
62358,Matthew Parkway
50860,Barbara Circle
55098,Kemp Underpass
31615,Brandi Rapid
58928,Bryan Walk
74502,Sims Views
146,Kristin Road
034,Michael Springs
92571,Linda Plains
952,James Locks
861,Williams Square
677,Lisa Stream
56990,Orr Flats
5055,Thomas Trail
244,Logan Forge
936,Peter Flats
51630,Monica Trail
996,Jenna Ridge
733,Nicholas Via
0532,Warren Coves
947,Bailey Branch
83572,Sexton Village
085,Mark Parkways
8612,Angela Estates
81995,Michael Ferry
386,Timothy Court
68546,Daniel Walk
61535,Paige Parkway
10016,Laurie Freeway
369,Ritter Mountain
293,Haas Road
4032,Alvin Course
723,Vincent Roads
2386,Haas Dam
90342,Heidi Via
0943,Butler Square
140,Michele Route
81097,Glass Burgs
87863,Edward Summit
808,Morales Meadows
668,Jeffrey Ramp
9990,Robin Roads
5564,Henderson Mission
1082,Higgins Wall
47633,Allison Glens
8687,Pena Meadows
5652,Gilmore Square
851,Jessica Camp
4117,Jennifer Estate
15351,Baker Highway
8292,Jeremy Trail
4127,Patrick Divide
0960,Susan Lights
8803,Thomas Springs
88042,Alexis Knoll
904,Mark Viaduct
37869,Jonathan Rue
77848,Jacobs Island
7641,Robin Lake
36576,Summer Causeway
1126,Adams Cove
87109,Hansen Summit
854,Lee Burgs
83136,Jason Green
95991,Lauren Station
778,Virginia Branch
30747,Bishop Village
203,Medina Lights
3100,Rosales Wells
75140,Bradley Extensions
86459,Shepard Radial
551,Caitlin Ramp
863,Christopher Manor
085,Ramos Trail
35087,Torres Run
28302,Karen Vista
61824,Harris Expressway
462,Wong Canyon
2187,Benjamin Walk
8661,Angela Pass
1831,David Burg
2105,Gina Turnpike
000,Patrick Lakes
640,Ashley Inlet
1676,Tran Courts
1581,Ramirez Pike
19482,Mark Union
511,Rodriguez Mount
1295,Tamara Unions
667,Johnson Flats
7851,Jackson Light
53520,David Roads
602,Cassandra Heights
8442,Mary Islands
1724,Brown Curve
87384,Kerri Drives
106,Hunter Mission
858,Samantha Station
789,Williams Springs
376,Romero Turnpike
3020,Frank Prairie
155,Lindsey Burgs
1834,Nelson Highway
002,Tammy Crossroad
3067,Tran Crescent
54670,Amanda Station
2072,Diana Brook
193,Hampton Ranch
621,Peck Ridge
06012,Maxwell Point
99318,Christopher Hill
002,West Shoal
006,Kevin Plaza
30066,Melanie Rue
961,Gilmore Road
32661,Rodgers Park
3204,Kane Divide
117,Robinson Loop
96248,Livingston Mountains
096,Murphy Station
29381,Tony Spring
02301,Monroe Plains
6154,Lewis Way
88614,Adam Courts
494,Lester Cape
9891,Taylor Streets
5178,Denise Trail
8793,Lisa Shoals
03157,Combs Coves
58113,Todd Tunnel
8007,William Summit
687,Cory Knoll
1086,John Keys
7101,Campbell Drive
31316,Lindsey Stream
094,Jason Lake
07320,Jeanne Light
3689,Brandon Throughway
06198,Harris Mountains
5458,Green Ways
892,John Tunnel
36618,Duncan Freeway
526,Dawn Locks
94053,Katie Parks
97013,Michael Mount
9879,Aguirre Keys
82332,Jasmine Square
74699,Brittany Cliffs
055,Stephanie Ports
893,Richard Circles
0451,Jennifer Parkways
4436,Jonathan Branch
7663,Christopher Trail
994,Sean River
11332,Travis Field
6710,Jones Pike
84442,Deborah Flat
34035,Berry Walks
2884,Esparza Track
476,Vasquez Vista
96139,Alan Plains
296,Stephanie Islands
161,Michael Common
216,Rogers Causeway
756,Gordon Springs
17766,Jamie Corners
24453,Johnson Station
61362,Huang Overpass
3941,Andrea Pines
61309,Baker Circles
611,Elizabeth Centers
80648,Mason Canyon
1393,Michael Gateway
9802,Gonzales Lane
87886,Rebecca Lake
2174,Daniel Greens
244,Martinez Cliff
3877,Scott Ranch
3036,Beck Cape
16304,Timothy Vista
412,William Curve
59752,Grant Spurs
5933,Michael Circles
8855,Nguyen Inlet
361,Timothy Station
0149,Samuel Point
53161,Benton Light
0962,Patton Path
2949,Young Brook
228,Burns Lights
70121,Murray Common
5503,Heather Highway
978,Rebecca Trafficway
57736,Walker Greens
328,Dawson Ferry
485,Donna Heights
0740,Whitney Green
676,Joan Plaza
48682,Justin Estates
8565,Cross Drive
35401,Clark Extension
767,Skinner Cove
92226,Wolf Views
632,Jennifer Divide
22752,Snyder Junction
247,Carter Course
40827,Brittany Roads
1456,Jessica Motorway
437,Jared Vista
9586,Bradley Burg
171,Luis Landing
32967,Kimberly Estate
63498,Boyd Trail
68917,Weaver Locks
10367,Gould Causeway
4534,William Vista
956,Mariah Summit
01439,Brandon Cliff
864,Fisher Causeway
16620,Cooke Harbors
7495,Jason Drives
14710,Perez Throughway
5768,Morris Hill
839,Ramirez Prairie
0324,Rebecca Mall
79839,Bell Fields
2264,Cameron Court
967,Nathaniel Springs
304,Wilson Parkways
33268,Diaz Forge
47495,Tammy Row
94695,Johnson Camp
3444,Wright Inlet
4996,Williams Islands
2127,Yang Parkways
557,Mora Union
336,Lauren Forges
50300,David Meadows
4415,Veronica Keys
54539,Diane Rapids
78096,Teresa Row
1095,Sanchez Bypass
770,Ross Shoals
85750,Figueroa Parkway
6995,Ferguson Ridge
17522,Matthew Loaf
79989,Vanessa Camp
93367,Brandi Court
117,Heather Alley
699,Javier Green
792,Foster Mission
987,Lewis Branch
47618,Weber Mission
24568,Victoria Isle
819,Laura Alley
7743,Serrano Expressway
34486,Betty Villages
918,James Row
8696,Mora Mission
387,Laurie Route
82061,Russell Summit
441,Shane Summit
748,Gentry Grove
98134,Gray Valleys
877,Rhonda Club
016,Mccullough Summit
1462,Amanda Streets
87647,Jon Roads
32935,Denise Circles
35959,Richard Terrace
080,Brian Ridges
2580,Ortiz Divide
509,Valentine Meadow
612,Moore Inlet
38512,Scott Corner
9560,Hubbard Skyway
6799,Roy Harbors
865,Rich Islands
6751,Cheryl Forest
557,Morales Forge
1422,Moore Freeway
4729,John Center
1415,Laura Motorway
311,Stevens Ford
169,Melissa Corner
409,Ward Neck
45829,Christina Drive
0595,Hernandez Manors
810,Pennington Pike
9637,Angelica Turnpike
7562,Zamora Roads
71355,Javier Field
2515,Barrera Hill
602,Joseph Well
48469,Harrington Knoll
870,Anthony Point
397,Bennett Street
97937,Jacob Hill
613,Rodriguez Lodge
24492,Steven Forges
45848,Arias Loaf
294,Brown Forges
552,Hawkins Plain
2691,Erin Tunnel
071,Jacqueline Parkways
66287,Smith Shore
5558,Morales Junctions
4418,William Freeway
986,Noah Ramp
0505,Christopher Ville
18648,Horton Path
84565,Courtney Corner
15165,Veronica Islands
6236,John Stravenue
192,Cooper Ridge
288,Desiree Spur
16093,Hart Well
204,Ryan Expressway
80157,Wilson Viaduct
8793,Keith Fords
4179,Bennett Run
9459,Romero Gardens
17061,Murray Skyway
45945,Ray Divide
063,Angela Tunnel
88890,Shannon Flat
1288,Mccoy Causeway
4667,Martinez Inlet
8330,Shari Throughway
6298,Green Lights
2896,Rivera Estate
479,Schmitt Walk
072,Morris Mountains
75613,Hunter Drive
89681,Kathryn Curve
419,Jonathan Via
8632,Taylor Plaza
013,Nathaniel Ways
22086,Crane Greens
79086,Vanessa Forks
1337,Green Common
6372,Davis Mill
004,Hector Plain
2387,Emily Park
21519,Lisa Extension
82237,Justin Orchard
309,Torres Circles
016,Caldwell Row
4521,Coleman Hill
60972,Erika Alley
92997,Lopez Pike
44258,Silva Run
57211,Katie Lights
3832,Hall Isle
930,Buck Fort
02649,Mathews Field
842,Lisa Trace
0306,Susan Coves
5088,Wilson Divide
9405,Thompson Road
159,Robin Viaduct
62369,Butler Cape
49495,Emily Fords
108,Monroe Lock
989,Johnson Square
030,Robert Way
4785,Jenna Prairie
7441,Tanner Plaza
63016,Church Tunnel
42764,Patty Crescent
95427,Russo Summit
2746,Kristopher Hills
151,Lopez Trafficway
3828,Caroline Fort
804,Hardin Fall
90756,Waters Flat
4340,Brittney Pass
09779,Reilly Plaza
015,Garcia Field
345,Wilcox Greens
35354,Martin Meadows
57236,Terrell Burg
5717,Melissa Points
8252,Jeffrey Coves
278,Mccann Spurs
41903,Black Expressway
1814,White Cliffs
1992,Robert Port
299,Ernest Inlet
12968,Paul Meadows
7274,Eduardo Pine
201,Davis Canyon
6314,Huang Rapid
904,Stephanie Springs
134,Holland Loop
24968,Lee Mall
24100,Rodriguez Ways
757,Joseph Springs
1248,Koch Harbors
107,Melissa Land
8831,Wallace Flats
56302,Smith Cape
67894,Russell Brook
69180,Tyler Pass
3296,Daniel Lodge
285,Casey Run
162,Kevin Ports
6873,Joel Manor
536,Lawrence Flats
73851,Dunn Turnpike
17448,Garrison Isle
122,Elizabeth Drive
4447,Jamie Plains
37841,Coleman Cape
368,Patrick Pine
4784,Lynch Curve
240,Wendy Wall
8861,Patterson Court
0785,Wright Stream
861,Stacy Harbors
951,French Shores
387,Robert Ridge
7874,Arias Fork
9924,Cooper Wells
655,Ashley Lane
97007,Hicks Oval
987,Wilson Springs
411,Davis Rapid
254,Aguirre Ferry
146,Peterson Tunnel
35148,Taylor Trace
434,Barton Mission
864,Gordon Pass
00864,Kim Cape
325,Woodard Mill
027,Sarah Cliffs
804,Amy Groves
8195,Craig Divide
0775,Brenda Pike
6312,Phillips Locks
547,Dennis Flat
64729,Williams Plains
40778,Ayers Grove
462,Hunt Row
812,Jason Loop
20894,John Walks
427,Kimberly Fields
4400,Gordon Mews
455,Lori Park
422,Cindy Falls
3952,Michael Plaza
980,Davis Valley
269,Kyle Walks
233,Scott Ferry
5889,Anna Road
356,Anna Neck
90474,Reyes Spring
8345,Mcknight Burg
3314,Sheri Inlet
7943,Michelle Vista
22889,Carrie Ramp
0669,Jessica Flat
770,Smith View
324,Melissa Plain
33425,Kaitlyn Knolls
534,Chase Crescent
1276,Bradford Place
220,Jennifer Glen
376,Evans Crest
135,Perez Fort
84581,Carroll Village
97283,Melissa Village
54610,Zachary Trail
642,Curry Mission
969,Watkins Pines
45307,Andrew Dale
0837,Roberts Brooks
413,Williams Circles
6721,Peters Bypass
5599,Michael Trail
93133,Taylor Row
74434,Nelson Inlet
54199,Brian Skyway
0979,Taylor Shoal
7766,Bethany Pine
5965,Kim Flats
3727,Brown Throughway
580,Gonzalez Camp
3378,Thompson Bypass
841,Jessica Expressway
1605,Villegas Mountains
711,Catherine Pine
89283,Heath Grove
139,Sandra Ridge
56364,Catherine Harbor
0015,Miller Terrace
9025,Harris Motorway
870,Mark Flats
773,Thompson Parkway
12820,Wilson Unions
05692,Aaron Land
491,Hernandez Junction
201,Tabitha Ford
5602,Samantha Expressway
26646,Blake Heights
5605,Martinez Turnpike
5681,Brittany Courts
4781,Ryan Valleys
673,Perez Gardens
77301,Jeffrey Way
1634,Kevin Lights
76590,Suzanne Crossing
56337,Emily Squares
6944,Elaine Tunnel
390,Jay Cliffs
24151,William Valleys
510,Matthew Isle
28559,Carr Key
81793,Connor Corner
33414,Gibbs Inlet
8396,Roman Circle
673,Robin Brooks
20110,William Creek
002,Moreno Ridges
987,Tara Forest
588,Salinas Valleys
48313,Robert Underpass
20784,Kim Drives
9876,Ramirez Crescent
6998,Wendy Courts
97282,Wyatt Flat
26274,Strickland Vista
6033,Lane Mount
954,Natasha Village
5440,Stephanie Junction
487,Scott Mountain
266,Jamie Greens
700,Kelly Lodge
083,Clements Square
62329,Martinez Circle
79999,Davis Parkway
31524,Marc Viaduct
71034,Christina Viaduct
108,Mary Port
479,Ross Hollow
67277,Crystal Key
6089,Colon Plaza
820,Williams Forest
0189,Parker Lights
73312,Gray Fields
123,Betty Creek
5045,Michelle Rapids
028,Rogers Mountain
3178,Price Ville
864,Michael Mews
0637,Kim Inlet
2466,Short Run
74280,Calhoun Walks
373,Hall Summit
3167,Jessica Isle
0195,Decker Camp
84530,Howell Causeway
8912,Freeman Street
14306,Dennis Via
866,Vincent Trail
156,Rebecca Port
1053,Kristen Plain
5719,Becky Estate
798,Heidi Field
6843,Christopher Loaf
137,Anthony Tunnel
99453,Serrano Roads
85798,Golden Greens
40130,James Ridge
5472,Sherri Brook
81399,Black Summit
761,Craig Views
74248,Theresa Course
153,Whitney Loop
9871,Laurie Underpass
9779,Jamie Causeway
584,Weaver Alley
85024,Jeffrey Shore
489,Tyler Curve
755,Washington Trail
5454,Gibbs Burg
7464,Cunningham Drives
1069,Shaw Centers
9875,Young Passage
635,King Corner
930,Campbell Station
31928,Ashley Locks
1412,Paul Isle
8113,Alice Run
686,Robles Hills
38313,Dillon View
94826,Hood Curve
586,Charlene Flats
655,Diaz Forest
8247,Nelson Causeway
12952,Pamela Highway
0342,Brian Drive
85685,Christina Plains
96709,Angela Terrace
44376,Courtney Canyon
57750,Gonzalez Neck
6483,Buck Via
9171,Robert Inlet
2197,Justin Mountain
84788,Flores Junction
871,Walker Point
583,James Route
3497,Vincent Fall
313,Brown Stravenue
36829,Delgado Manors
3429,Krause Trail
001,Michael Ports
841,John Parkway
3254,Mark Mountain
673,Ashley Mill
0666,Christopher Ridge
73646,Austin Coves
52842,Deborah Curve
4941,Prince Hills
3020,Joshua Ville
8882,Melissa Cape
2206,Erickson Ville
38518,Mckinney Ferry
364,Tristan Roads
2715,Wilkinson Street
85561,Anita Village
28344,Cooley Ranch
1042,Angela Turnpike
63401,Murphy Terrace
9299,Alex Overpass
33877,Holly Drives
64718,Justin Coves
58828,David Trail
069,Dickson Center
36020,Timothy Shoal
6544,Ryan Extensions
03026,Margaret Mills
40347,Justin Points
76255,Johnson Place
49821,Todd Fork
261,Deleon Burgs
71107,Mary Via
415,Hill Bridge
841,Roberts View
1707,Valerie Fields
097,Anderson Lane
24307,David Squares
2034,Martinez Islands
201,Kyle Stream
6310,James Turnpike
59705,Luke Village
28980,Carlos Gateway
2865,Melinda Point
07973,Diane Circles
78118,Williams Knoll
51674,Benjamin Crossing
047,Crystal Canyon
111,Erica Cape
2683,Snyder Tunnel
0409,Megan Place
569,Smith Light
70037,Rodriguez Shores
60752,Pamela Trail
579,Freeman Falls
052,Christina Hollow
108,Alexandra Mission
4070,Tim Isle
59170,Davis Highway
8800,Noble Loaf
072,Joseph Island
2278,Jones Brooks
031,John Islands
5041,Miller Mission
5487,Torres Mills
6731,Marie Field
718,Taylor Pines
34038,Curtis Causeway
87701,Darrell Ways
311,Kristen Heights
45235,Lori Turnpike
57622,Joyce Crossing
304,Karina Manors
82541,Lindsey Roads
7898,Mason Hollow
2464,Cook Valleys
149,Gabriel Brooks
6288,Reid Squares
50097,House Circles
919,Gordon Crossing
8054,Taylor Union
0324,Debra Skyway
17514,Alexandra Inlet
98287,Calderon Mount
8494,Timothy Shore
5802,Christina Mills
872,John Station
239,Noah Shoals
41546,Tammy Key
45211,Heather Corners
8362,Joseph Skyway
9889,Amanda Square
0059,Ryan Ridge
9123,Martin Courts
7434,Jeffery Circle
620,David Springs
260,Kayla Brook
74383,Guzman Forges
43134,Shawn Summit
185,Richard Creek
1404,Jodi Union
4641,Francis Ports
72271,Lyons Unions
0498,Patricia Harbors
844,Miller Mount
21754,May Groves
0704,Ellis Bypass
316,Mary Parkways
5457,Michael Inlet
563,Luis Throughway
0957,Edwin Green
69196,Murray Highway
874,Stokes Brooks
3030,Bullock Ferry
82214,Sanford Rapids
2948,Carter Stravenue
76725,Gonzalez Field
038,Bond Wall
008,Corey Groves
7960,Sarah Island
353,Rogers Crossroad
35590,Green Neck
6319,Kevin River
6769,Wood Cliff
782,Zavala Meadows
64575,Williams Viaduct
9931,Barnes Mills
1338,Mary Glens
55689,Charles Street
82626,Chambers Burgs
08416,Heather Orchard
430,Kelly Causeway
8639,Alvin Port
705,Campbell Estates
2411,Jennifer Lane
29791,Janet Avenue
38635,Murray Cliff
8111,Morris Lodge
50588,Lori Ways
58116,Stewart Oval
77343,Robles Passage
427,Fox Ranch
21695,Osborne Point
629,Ramos Coves
13622,Matthew Branch
78711,Meredith Gateway
57149,Rodriguez Estates
2767,Matthew Vista
87412,William Mountain
492,Tiffany Trafficway
68928,Shane Shoals
58680,Kimberly Crest
429,Frank Neck
984,Amanda Cliffs
3911,Boyer Knolls
2653,Desiree Landing
60733,Peter Flats
670,Suzanne Extension
35310,Daniel Unions
487,William Fields
11919,Misty Cliffs
285,Joshua Station
146,Stephen Inlet
2457,Villanueva Summit
3686,Graves Village
916,Armstrong Motorway
026,Stephanie Locks
70154,Edwards Hollow
47425,David Harbors
579,Tyler Circles
1691,Jones Extension
330,Jason Prairie
914,Russell Courts
7452,Jones Plaza
038,Brown Shoal
1063,Brianna Skyway
33960,Alexandra Square
1707,Sabrina Lane
554,Allen Extensions
61946,Samantha Light
5343,Black Loaf
18969,Michael Parks
520,Kyle Wall
3987,Angela Lodge
922,Julie Flats
931,Melody Parkways
480,Lisa Falls
91364,Edwards Lodge
2273,Cory Cove
120,Boyle Pines
4921,Pena Drive
616,Williams Isle
433,Crystal Wells
15470,Larson Via
28753,Stewart Avenue
5045,Smith Rapid
671,Duffy Turnpike
09838,Willie Square
1746,Griffin Shore
173,Tracey Ports
7693,Valerie Pines
164,Singleton Spring
0324,Jessica Cove
467,Nathan River
27239,Bates Tunnel
35213,Gray Crest
7732,Vincent Junctions
7626,Johnson Overpass
843,Williams Spring
18033,Linda Summit
999,Wilson Extensions
81082,Rocha Ways
57004,Moore Corner
09467,Leblanc Club
19010,Carol Loaf
6584,Gates Wall
74447,Thompson Fall
0260,Michael Freeway
0522,James Avenue
0557,Perez Forges
29033,Rios Pike
92473,Corey Wall
42664,Davis Summit
715,Roberts Key
458,Ryan Rapid
89498,Elizabeth Walks
843,Jody Turnpike
826,Jill Terrace
05234,Heather Plaza
56850,Phelps Bypass
5626,Jamie Plains
0161,Warner Hills
440,Cohen Row
4639,Richards Mission
457,Gregory Common
63151,Matthew Key
68370,Williams Street
7114,Alexander Freeway
1943,Johnson Fort
6675,Becker Neck
35302,Jason Ridges
45974,Martinez Isle
243,Kristin Points
197,Martin Unions
49813,Mark Motorway
6379,Christopher Mills
61662,Garcia Lakes
009,Hood Stravenue
9483,Henson Meadows
48281,Shannon Hill
9910,Cruz Divide
3840,Lawson Summit
41801,Maxwell Route
7986,Rose Isle
3188,Lee Trail
8548,Robert River
43189,Jessica Mews
47039,Jordan Camp
7726,Stewart Glens
174,Lewis Islands
2739,Carter Inlet
6688,Jennifer Forks
3189,Davis Forest
48457,Michelle Lodge
828,David Glen
5923,Ochoa Orchard
277,Eric Parks
47529,Brennan Curve
631,Kenneth Rapid
62338,Joseph Forks
9140,Thomas Pike
50235,Aaron Port
51621,Williams Ville
456,Jacob Road
183,Ross Haven
16800,Fitzgerald Alley
32166,Ward Alley
261,Nichols Meadows
69437,Campbell Dam
7349,Jones Plaza
9195,Armstrong Estate
723,Wade Crest
4589,Warren Streets
600,Sharon Locks
89897,Heather Lakes
027,Cooper Fort
458,Yesenia Hills
169,Charles Union
28588,Kevin Track
337,Nunez Station
592,Joseph Tunnel
983,Ronald Hollow
347,Smith Plains
649,Jones Oval
3708,Jamie Trace
442,Lisa Mews
1889,Raven Ville
1988,Sean Corners
0139,Tracey Mountains
285,Wendy Mews
0064,April Prairie
6198,Johnson Trail
2221,Lisa Divide
8664,Berry Shoal
085,Johnson Loaf
143,Brian Villages
5099,Amanda Spring
55311,Harrington Station
8872,Mary Creek
845,Grant Ports
64785,Spencer Road
27864,Stephanie Pike
410,Eric Trail
87596,Elizabeth Circles
459,Wolf Valley
940,Audrey Forest
0896,Timothy Ways
7694,Williamson Underpass
51306,Toni Plain
00746,Lisa Inlet
917,Green Common
4491,Brown Harbors
08791,Huff Track
177,Alexander Pines
13262,Beltran Fields
757,Joseph Lodge
81563,Roberts Burgs
73836,Deanna Ramp
87946,Vanessa Isle
2765,Blevins Streets
08718,Kelly Passage
8314,Barrett Hollow
621,Page Mall
096,Leslie Manors
275,Carla Meadows
98278,Kenneth Pines
720,Frank Stream
517,Natasha Unions
59218,Stephen Freeway
575,Young Throughway
7134,Romero Crescent
91432,Garcia Rapids
56738,Amy Trace
78266,John Roads
24762,Rivera Falls
0680,Howard Well
2348,Williams River
40614,Mcdaniel Light
696,Michele Pine
36275,Martin Place
1036,Nancy Squares
0581,Andrea Shores
4165,Rhonda Drives
9086,Ashley Station
2134,Griffin Ville
260,Vega Drive
3209,Smith Plaza
377,Kim Field
465,Campbell Falls
555,Whitehead Grove
76791,Vasquez Garden
083,Ortiz Camp
767,Jennifer Ports
1176,Hunter Mount
79002,Wilson Keys
63199,Dawn Mount
91833,Amber Port
865,Mcgee Ramp
9984,Jacob Unions
72338,Michael Stream
22685,James Cliffs
13584,Donald Mall
942,Thomas Parkway
3275,Haas Springs
271,Elijah Mission
0392,Whitney Causeway
136,Kirby Mountain
39261,Gabrielle Plain
314,Clark Highway
6384,Bell Harbor
138,Michael Ferry
4084,Simpson Branch
146,Crystal Crest
4155,Anthony Land
49593,Danielle Freeway
1465,Alvarez Forge
4468,Cody Square
34181,Hernandez Ferry
80445,Edward Green
39694,Manning Square
04577,William Vista
629,Anderson Fork
3425,Farmer Mall
252,Carl Stravenue
0936,Ashley Cape
4925,Garcia Locks
66837,Arnold Spring
537,Riggs Station
933,Maria Canyon
6285,Megan Divide
3014,Lewis Valleys
25030,Pineda Overpass
12089,Michael Corner
2281,Jones Parkway
9319,Marcus Mountains
6874,Rebekah Trafficway
575,Shawn Lights
585,Green Ranch
00547,Brendan Stravenue
78745,Miller Branch
66507,Hester Points
7731,Timothy Path
1589,Kent Crescent
853,Bennett Ports
736,Dennis Field
005,Darren Cape
749,Jeffrey Overpass
3325,John Forest
344,Gardner Rue
39287,Bray River
5594,Medina Plains
48035,Bill Trace
117,Jones Path
391,Ryan Court
76336,Dennis River
68249,Wolfe Lodge
27655,David Gardens
601,Dyer Crossing
277,Denise Inlet
9223,Miller Forest
024,Robin Alley
855,Webster Lights
2643,Stephen Key
352,Pollard Via
37408,Herrera Meadows
40926,Warner Fall
71321,Kim Stravenue
6438,Barnes Parks
49725,Moore Drive
7560,English Club
7029,Andrew Plaza
31717,Tonya Estate
87013,Holland Mall
663,John Gardens
00077,Kyle Mountains
354,Reilly Ridges
743,Bradshaw Turnpike
03158,Courtney Trail
270,Mary Passage
47354,Hernandez Stravenue
2685,Hansen Ferry
5406,Shepherd Street
362,Gibson Springs
98002,Michael Throughway
6994,Erica Landing
1090,Timothy Meadows
9293,Debra Flats
3294,Peter Manors
7454,Catherine Roads
55882,Watkins Club
953,Williams Drive
4313,Heather Dam
94138,Santiago Circle
44992,Martinez Plaza
0749,Andrew Motorway
246,Gardner Mount
130,Jacqueline View
982,Ferguson Oval
7858,Vargas Fords
75913,Eric Wall
964,Fox Circle
729,Rodriguez Village
978,Christian Estates
515,Thomas Fords
235,Sandoval Drives
349,Potter Club
8514,Stephen Ferry
50998,Holden Roads
241,Smith Club
4993,Fry Stravenue
4934,Lawrence Walks
233,Frank Hill
131,Gray Well
13221,Benjamin Divide
92375,Duran Estates
62446,Garcia Pass
0373,Davis Circles
59889,Yolanda Loop
7215,Leslie Divide
27119,Davidson Springs
161,Gallagher Club
6349,Rubio Divide
934,Bonnie Manor
468,Stewart Shores
9824,Rich Roads
4882,Ramirez Lodge
8573,Williams Squares
81089,Alice Ways
4625,Scott Points
4589,Stephanie Vista
872,Carroll Crescent
2376,Ian Run
741,Goodman Bridge
04762,Michelle Trace
38127,Teresa Rapid
8574,Caldwell Streets
6932,Shannon Spurs
16062,Thompson Plaza
9591,Perry Hill
104,Matthew Highway
612,Mercado Passage
40046,Crawford Highway
111,Mcgrath Fords
73478,Mendoza Green
8672,Samantha Mews
6405,Edwards Wells
04514,Burns Square
1053,Murillo Crest
75182,Madden Course
43966,Salinas Junctions
62676,Harris Port
6467,Sierra Court
781,Emily Land
345,Patrick Ridges
6544,Anita Mews
2732,Norris Walk
41985,Phillips Light
155,Dickson Camp
489,Michael Square
42816,Calhoun Station
02413,Carla Row
02230,Tracey Pike
926,Nicholas Ramp
17342,Christian Ford
72854,Sharon Canyon
00667,Hall Brooks
6655,Rhonda Pass
14515,Jessica Course
905,Colleen Vista
0151,Jessica Fort
744,Erickson Streets
0907,Jason Vista
6371,Heather Mountain
24300,Joshua Bridge
49892,Smith Court
2422,Yu Cliff
3152,Rivera Trace
791,Melanie Harbors
171,Guzman River
56326,White Rapid
79859,Mary Estates
1192,Barnes Dam
11590,Adams Glens
6889,Knight Pike
61798,Ann River
8912,Victoria Villages
3636,Nicholas Wall
461,Kyle Lock
7188,Jennifer Bridge
59828,Davidson Field
080,Williams Dale
2296,Janice Centers
9639,Griffin Trail
2651,Trujillo Oval
8469,Isaac Vista
934,Crystal Drive
740,William Streets
3907,Irwin Centers
138,Candice Heights
75980,Boyd Plain
00970,Brittany Route
4606,Mullen Wells
018,Roberts Square
1378,King Plains
845,Roy Common
8046,Johnson Shores
86879,Garcia Groves
832,John Prairie
302,Kathryn Club
6974,Morse Terrace
6166,Chris Square
4579,Mark Ridges
8790,Jonathan Square
3126,Vanessa Villages
6041,Aaron Hill
6244,Armstrong Mountains
32161,Benjamin Villages
447,Anthony Flats
59499,Kerri Square
429,Lara Forks
9748,Baker Overpass
3749,Robinson Harbors
0047,Banks Center
731,Phillips Trail
4660,Kayla Fords
10789,Daniel Springs
3499,Jonathan Estate
1948,Simpson Union
626,Rickey Glen
266,Danny Trail
6960,Brianna Shoals
2326,Smith Wells
17153,Brian Springs
0248,Davidson Crest
57438,Hayes Garden
225,Kelley Wells
540,Christian Garden
0067,Jason Greens
8322,Rodriguez Circle
684,Campos Extensions
263,Stewart Cape
5311,Adrian Forks
30699,Cheyenne Circle
68320,Contreras Spring
2952,Kelly Forest
46633,Blake Forges
5384,Jonathan Meadow
522,Joseph Mall
85813,Curtis Place
997,Mann Flat
041,Brent Mountain
442,Shepherd Squares
17252,Bell Field
570,Knox Pines
42262,Abbott Ramp
76538,Kenneth Divide
9517,Wells Shore
4424,Marks Port
493,Johnson Points
4573,Heather Rue
90714,Chen Canyon
7856,Adam Views
9559,Amanda Spur
23856,Brandy Mills
5132,Parrish Garden
8023,Jennifer Creek
571,Silva Club
0200,Donald Radial
049,Sarah Station
1908,Ruiz Highway
89053,Barnes Locks
44719,Christensen Road
3077,Small Lodge
1826,Victoria Club
5957,Cannon Crescent
76444,Mary Route
45160,Watts Common
794,Tyler Roads
112,Jennifer Cove
66044,Jenkins Square
126,Taylor Vista
4108,William Rapids
735,Shaffer Mountain
19644,Hernandez Gateway
091,Woodard Plains
561,William Shores
0078,Flores Cove
690,Reynolds Springs
38546,Alexis Lock
67904,Mendoza Rest
843,Lee Light
291,Adams Crossroad
825,Lewis Avenue
5784,Thomas Row
5685,David Summit
10575,Megan Highway
73316,Corey Meadows
440,Little Island
118,Patricia Spurs
53175,Martinez Fort
6813,Natalie Groves
99016,Madison Rest
5581,Black River
97586,John Light
490,Amanda Garden
5279,Hodge Divide
49128,Denise Roads
179,Claudia Rapids
79118,Reed Junction
18165,Andrew Island
530,Morales Station
1453,Teresa Plains
32643,Jacob Manor
82257,Koch Locks
68214,Grant Centers
04254,Belinda Corners
97809,Douglas Cliffs
34573,Kyle Street
0958,Booker Trail
180,Pearson Spring
09991,Rodriguez Views
2049,Martinez Vista
902,William Cliffs
538,Jerome Fords
640,Stephens View
68482,Randy Cove
5839,Tiffany Turnpike
98794,Jennifer Stream
00477,James Shore
1617,Farrell Turnpike
2435,Brenda Shores
9039,Wallace Mountains
14723,Wood Haven
6150,Brooke Brooks
85552,Whitney Squares
4004,Cuevas Estate
13674,Flores Path
8231,Diana Passage
33784,Steven Street
025,Oscar Streets
9829,Wheeler Roads
46902,Fuller Street
50212,Louis Land
0084,Skinner Junction
341,Pruitt Fall
3927,Christopher Villages
9350,Emily Cove
15611,Ward Greens
8504,Jimenez Way
44751,Megan Dam
8986,Nicole Court
9779,Heath Mount
79332,Hunter Mountains
38849,Kevin Junction
8421,Lucero Manor
268,Garcia Place
20564,Gary Turnpike
95781,Parrish Points
959,Ramos Alley
3329,Ryan Burg
03655,Stephenson Plains
888,Nicole Mountains
46347,Cobb Harbor
299,Trujillo Inlet
6394,Megan Hill
9324,Johnson Parks
96868,David Trafficway
0788,Shawn Forges
1988,Martinez Turnpike
0004,Ruiz Circles
3355,Smith Plaza
1206,Omar Springs
679,Graham Rue
1162,Roberson Meadow
87495,Clark Ferry
0646,Rosales Estate
2137,Mcbride Road
5405,Jeremy Parks
7318,Bishop Roads
3290,Stephen Pine
236,Pamela Mews
26225,Robert Forks
1612,Green Row
4994,Rachel Stream
1184,Patricia Alley
8015,Williams Plains
0614,Stephanie Rue
9716,Hall Alley
247,Lewis Islands
84029,Clarke Vista
2966,Matthew Cliff
683,Crystal Manors
36327,Perkins Islands
757,Nathan Ramp
52625,Greene Fort
0895,Mclean Route
9893,Mcconnell Roads
61997,Boyd Locks
8671,Ryan Viaduct
409,Lin Shore
139,Martinez Land
363,Brown Mountain
37756,Russell Extensions
166,Gibson Light
69743,Mendez Roads
99138,Howard Locks
95169,Kathy Via
724,Kelley Station
90284,Bradley Crest
97575,Patricia Underpass
6761,Daniel Trace
5888,Steven Corners
078,Johnson Cliffs
2318,Kelly Fall
00453,Tracy Hollow
4518,Richard Port
917,Mitchell Overpass
1508,Shane Ports
76163,Lloyd Square
9702,Ayala Trail
1933,Hull Track
824,Daniel Wells
9015,Smith River
890,Beasley Fork
388,Cruz View
2964,Juan Square
76358,Green Green
5826,Delgado Ford
9280,Peterson Curve
1847,Jones Locks
739,Franklin Court
3461,Edwards Station
4199,Tapia Corners
560,Kyle Neck
421,Shannon Inlet
4280,Thompson Lodge
6247,Rojas Trail
9016,Nelson Centers
9810,Green Turnpike
6028,Denise Street
9749,Megan Orchard
98298,Lisa Vista
39870,Tiffany Village
403,Mcclain Prairie
03614,Brent Cliffs
4532,Karen Expressway
66635,Graves Valley
72369,Nelson Turnpike
219,Moore Grove
448,Gray Gardens
061,Rodney Squares
252,Owens Stravenue
0692,Berry Alley
784,Lisa Coves
3049,Gonzalez Falls
73723,Wendy Coves
73307,Edward Camp
372,Garcia Field
816,King Lodge
0034,Angela Ports
34000,Barnett Court
914,Shaffer Lodge
35466,Weeks Land
664,Summer Crest
605,Herrera Plaza
630,Sutton Road
79420,Lewis Lodge
34475,Foster Courts
57414,Jerry Via
789,Travis Lock
5563,Black Plains
9124,Dennis Ports
204,Mercado Causeway
53700,Anthony Overpass
007,Smith Street
1909,Julia Garden
85647,Russell Junctions
712,Bowman Island
856,White Mission
44027,Meyer Inlet
0418,Mario Radial
386,Hannah Circles
36028,Miller Hollow
669,Justin Land
6380,Miranda Walk
819,Kent Motorway
21153,Arellano Shore
023,Robert Road
56898,Jessica Track
95416,Guzman Forge
5717,Amanda Valley
42916,Crystal Club
2052,Anderson Camp
64893,Sharp Isle
944,Smith Shoals
785,Jessica Avenue
29827,Fields Lake
469,Ricky Street
6277,Alan Knoll
309,James Islands
94624,Jennifer Green
7877,Rodney Coves
518,Jerry Locks
97022,Baldwin Burg
9267,Cindy Manor
97627,Erica Coves
81672,Anthony Isle
9148,Jordan Plain
835,Murphy Forges
11560,Gentry Crossroad
463,Jennifer Row
7516,Foster Meadows
887,Howard Summit
361,Cooper Ramp
19973,Margaret River
784,Sutton Forks
2841,Vance Hills
383,Tony Springs
153,Quinn Tunnel
8683,Davis Underpass
9367,Alyssa Harbors
93616,Ronnie Viaduct
31796,Lawson Harbors
446,Young Drive
6033,Alexander Wells
7463,Hernandez Station
3900,Denise Bridge
4495,Rachel Mill
7235,Allison Summit
1183,Brianna Forges
90382,Robbins Loop
552,Cabrera Points
1601,Singh Trail
418,Deanna Street
928,Brown Views
778,Susan Mews
8966,Brown Village
81865,Jones Circle
248,Walker Ranch
3912,Jonathan Burgs
59236,Audrey Cape
76726,Julian Extension
545,Kelly Radial
2643,Dillon Knoll
5405,Antonio Vista
314,Armstrong Mount
60210,Rice Islands
137,Aaron Drives
4889,Jody Plains
554,King Expressway
26157,Collins Tunnel
760,Vasquez Mills
3093,Johnson Mews
153,Amy Shore
94853,Lucas Harbor
29048,Howard Brook
05583,David Ridge
439,Angela Garden
23754,Hughes Lock
45361,Ray Stream
90113,Cheryl Trail
68768,Chan Crescent
198,Christopher Canyon
99038,Todd Groves
7765,Lindsey Loaf
80395,Anderson Fall
6164,Amber Shore
885,Adams Parkways
52270,Kaylee Knoll
452,Timothy Skyway
512,Monroe Stravenue
86423,Megan Fall
249,Johnson Mall
1109,Tiffany Rest
9017,Ariel Ports
80992,Nunez Prairie
8764,Joel Oval
319,Michelle View
3186,Jones Green
776,Collins Flat
6536,Catherine Forest
22994,Pratt Forge
1033,Wright Inlet
7629,Jeremy Greens
870,Singh Ramp
280,Mayo Squares
46921,Williams Gardens
221,Renee Landing
38094,Matthew Rue
3434,Jones Wall
55936,Dana Freeway
7461,John Hollow
397,Schaefer Wells
49667,Brian Rue
97609,Bradley Dale
03973,Heidi Brooks
52601,Rachel Spring
3488,Lisa Isle
734,Bennett Plains
43314,Scott Fork
17999,Victoria Estate
557,Watkins Parks
28478,Smith Throughway
2960,Brown Fields
507,Hubbard Flat
55306,Hughes Forge
347,Mercado Inlet
52428,Scott Plains
813,Christopher Bridge
28539,Ford Glen
957,Bates Land
41940,Aguirre Canyon
120,Chaney Extensions
219,Green Trace
79621,Mitchell Brooks
605,Alvarez Ford
410,William Flat
1104,Russell Forges
766,Gail Points
71081,Frederick Motorway
66096,Glenn Cliffs
15954,Jacob Ridges
9015,Lisa Square
06456,Miller Lodge
812,Turner Rue
43112,Randolph Road
0537,Hawkins Junctions
889,Morrow Course
0963,Nathan Junctions
12485,Sanders Bypass
2457,Heath Village
490,Robert Forges
957,Booth Groves
853,Christian Mall
8725,Anderson Glens
836,Harris Dale
762,Massey Tunnel
665,Karen Pike
681,Mason Brooks
0115,Amy Islands
918,Timothy Plain
28089,Jones Drive
9554,Saunders Parks
62367,Joy Underpass
247,Anthony Forks
5091,Michele Vista
53943,Clark Mountain
2409,Hunter Turnpike
523,Green Gardens
762,Perez Station
5778,Levine Keys
156,Jones Locks
297,Angelica Burgs
37864,Jones Drive
190,Jenna Mountains
31238,April Station
01549,Brown Square
281,Kevin Bridge
421,Green Prairie
878,Dominic Drives
4755,Catherine Court
1492,Charles Curve
3262,Gina Estate
565,Bush Ports
531,Smith Forge
542,Holly Island
95252,Cook Wall
97676,Rivera Rue
0217,Underwood Isle
3013,Le Drives
281,Gabriela Turnpike
954,Laura Forge
320,Juarez Hollow
317,Smith Parks
774,Woods Plain
1301,William Lodge
874,Morrison Haven
565,David Stravenue
64779,Christine Mission
8881,Morales Mills
39227,Baker Mission
08363,Richard Shoals
66700,George Harbors
5050,Melissa Plaza
31612,John Bridge
230,Sydney Orchard
88310,Smith Grove
7541,Lauren Plains
244,Hoover Parkways
76498,Carroll Rapids
253,Jessica Dam
7203,Clark Inlet
280,Jones Avenue
2322,Smith Plains
673,Hayes Spring
53036,Olivia Villages
74387,Mills Shores
4613,Greene Trafficway
6534,Anderson Harbor
40114,Kenneth Drives
555,Paige Wells
370,Karen Plains
11596,Hernandez Fall
823,Foster Field
8202,Craig Knolls
7141,Hawkins Crescent
688,Tara Stream
99768,Amy Valleys
302,Hicks Lock
527,Angela Plaza
2762,Debra Islands
19623,Chavez Fort
569,Lawrence Crossroad
850,Davis Harbor
0405,William Crest
27300,Matthews Pine
077,John Valley
9104,Hill Glens
857,Christina Stream
8434,Daniel Haven
871,Floyd Meadow
21728,Carmen Brooks
051,Brad Island
959,Martinez Lake
863,Townsend Center
68278,Amanda Crescent
66387,Joshua Spurs
218,Wood Views
1792,Katherine Valley
839,Cox Flats
79418,Eric Ranch
75504,Misty Lodge
008,Thomas Tunnel
26549,Riley Forge
193,Clarke Field
1211,Lauren Circle
38874,Calvin Pass
51515,Davenport Turnpike
13801,Martin Loop
72544,Young Bridge
15621,Doyle Fork
65144,Ryan Camp
77958,Michelle Passage
05640,Garcia Extensions
61411,Baker Valley
32888,Christine Causeway
570,Chang Wall
0432,Suarez Fords
9224,Roger Track
2836,Whitehead Underpass
23876,Hill Orchard
21772,Brian Falls
58790,Patricia Run
78612,Avila Stravenue
888,Howard Route
654,Andrea Orchard
854,Donna Branch
75706,Ann Summit
17842,Travis Bridge
687,Williams Shores
60853,Samuel Islands
86352,Peterson Well
13916,Adam Glen
724,Webb Bypass
462,Ariana Point
23391,Alexis Tunnel
96880,Rodney Motorway
19624,Miller Dale
8100,Jones Roads
356,Michael Haven
4262,Brianna Light
8442,Evans Gardens
079,David Heights
349,Michael Shore
5496,Watkins Shores
1283,Troy Lights
691,Galloway Groves
5965,Olsen Inlet
7230,Edward Ridges
918,Norman Estate
98738,Bright Union
9404,Johnston Hill
2640,Salinas Tunnel
85159,Mary Court
5236,Chan Causeway
95660,Young Dam
40688,Santiago Freeway
0372,Hart Ville
21833,Ronald Corners
98641,Sanchez Pines
813,Mark Walks
40865,Natalie Summit
9908,Jared Passage
106,Diaz Avenue
7999,Kelly Isle
641,Vasquez Drive
369,Carlos Expressway
69532,Marissa Shores
88052,Meyer Tunnel
3827,Koch Island
8723,Cross Forge
40686,Wilson Ports
64259,David Parkways
911,Amber Rest
906,Perez Knolls
0442,Carney Station
03753,Hamilton Green
84000,Kevin Mills
25818,Shelby Highway
5311,James Camp
593,Anderson Crest
850,Campbell Squares
69671,Buck Freeway
5786,Tiffany Mill
21619,Michael Squares
5511,Felicia Alley
918,Sandra Vista
61628,Teresa Inlet
95993,Cohen Wells
791,Corey Parkway
9847,Rodriguez Terrace
16721,Delgado Dam
06040,Blair Keys
218,Carter Villages
93121,Navarro Walks
96751,Fritz Island
54142,John Track
093,Miller Crossroad
8432,Wendy View
5044,Davis Mall
230,Tara Harbor
521,Hobbs Ridge
84525,Perez Isle
766,Walker Crescent
7833,Keith Parkways
6597,Kathleen Lodge
252,Joseph Turnpike
41192,Myers Fields
8585,White Mountain
44368,Scott Throughway
25116,Fisher Motorway
962,Douglas Road
03956,Norman Trail
9470,Blackwell Flats
86270,Murillo Forges
504,Miller Road
29871,Christine Spring
459,Adam Via
6315,Shaw Cliff
049,Salinas Via
8496,Obrien Cape
98782,Vasquez Bypass
5884,Heidi Knolls
584,Tammy Place
7331,Angela Street
8845,Austin Greens
2583,Daniel Knolls
852,Rowe Radial
370,Jeremiah Fall
4758,West Freeway
4348,Phillips Cliffs
25348,Davis Spur
79877,Alyssa Locks
451,Anderson Club
03729,Kimberly Villages
3732,Mcdonald Highway
689,Sharp Oval
87145,Wagner Lock
3603,Horton Park
2522,Wendy Cape
25852,Tiffany Trail
45392,Elizabeth Circle
64990,Franklin Harbor
74035,Caitlin Vista
8696,Taylor Rest
884,Olivia Village
03748,Baker Knolls
5495,Kathryn Court
0541,Cheryl Well
3226,Hays Burg
4735,Steven Valleys
52269,Welch Fort
06750,Thomas Divide
774,Martha Ports
19571,Marks Lodge
3295,Tina Points
177,Soto Spring
6179,Cervantes Springs
09793,Andrew Springs
089,Pamela Turnpike
987,Tate Dam
035,Bell Hill
73169,Hebert Brooks
536,Pittman Mills
39152,Thompson Walk
305,Rodgers Mount
022,Howell Brooks
952,Perry Center
198,Rhonda Square
3318,Gregory Drive
8962,Robert Harbor
916,Harrison Radial
1914,Steven Greens
15182,Adams Harbors
878,Nathaniel Stravenue
719,Ward Knoll
990,Wyatt Ville
929,Larsen Harbor
484,Natalie Harbor
2440,Bradley Land
26419,Mitchell Highway
96074,Hunter Pass
848,Mullen Port
1767,Elizabeth Ferry
203,Mark Roads
271,Tammy Fall
8290,Christopher Courts
0125,Mathis Mission
187,Dennis Trail
0582,Combs Loaf
4560,Melissa Springs
13638,Williamson Falls
71963,Rosales Route
99482,Angela Curve
5815,Scott Canyon
783,Flowers Turnpike
377,Julie Springs
26017,Roberts Oval
17289,Williams Terrace
90588,Christopher Inlet
34465,Paul Station
3317,Jason Streets
7045,Manning Causeway
759,Henderson Coves
531,Blair Centers
24595,Pitts Knolls
8120,Jennifer Keys
0616,Hutchinson Fort
8732,Stephen Expressway
31449,Richard Cliff
81212,Gordon Mill
68741,Angela Valleys
730,Bailey Junction
8505,Rachel Rapid
565,Jose Expressway
30295,Mccall Ridge
361,Kenneth Fords
4959,Haley Junctions
9274,Lori Crossing
4176,Bryant Port
9544,Miller Harbors
761,Johnson Roads
59683,Carter Spring
4463,Keith Street
676,Brown Fall
47528,Derrick Rue
82256,Michael Fall
0173,Davis Ports
846,Hays Points
988,George Mountain
50679,Mark Drive
669,Michael Courts
50219,Jonathan Locks
359,John Parkway
294,Melissa Isle
41145,Olson Grove
00554,Henry Landing
3372,Steven Inlet
3588,David Stravenue
6599,Torres Brooks
083,Gallegos Stravenue
6909,Nicholas Tunnel
761,Calhoun Parkways
918,Ryan Fords
464,Anthony Station
715,Vega Spring
6042,Daniel Mountain
96394,Brown Viaduct
340,Brooks Avenue
1879,Melissa Inlet
4926,Glover Points
005,Steven Landing
725,Pamela Shores
76020,Campos Trafficway
2091,Campbell Ridges
6064,Richard Ranch
61063,Shannon Stravenue
3950,Moore Vista
421,James Fork
2622,Clay Trail
307,Brian Mountain
56521,Christopher Island
9782,Jacob Fords
044,Angela Estate
896,Jose Extensions
93347,Rodriguez Ridges
35777,Hoover Valleys
9166,Macdonald Roads
4361,Julie Prairie
20109,Paul Walk
02490,Chapman Springs
068,Jackson Turnpike
7210,Sullivan Meadow
54613,Edward Way
021,Armstrong Locks
4263,Jessica Common
92107,Thomas Lane
3200,Amanda Stravenue
58641,Donald Ranch
0809,Hall Spring
58327,Charles Points
1736,Matthews Groves
79278,Veronica Unions
954,Michael Mission
6681,Freeman Causeway
34508,Suzanne Village
167,Jeffrey Wall
429,May Landing
25597,Osborn Manors
18765,William Mount
809,Hamilton Shores
12138,Anderson Cove
85915,Smith Underpass
1198,Craig Inlet
17516,Perry Harbor
0403,Davis Manors
56940,Villegas Oval
440,Preston Stravenue
10597,Tabitha Corners
804,Jackson Squares
7268,Costa Points
3351,Warren Plains
7152,Burch Center
0479,Bethany Circles
167,Chad Trail
3770,Ramirez Spring
724,Michael Plain
02270,Brady Plains
74947,Julie Common
86260,Vazquez Rapid
721,Courtney Lakes
7608,Brown Plaza
62150,Bradford Green
4035,Fisher Ports
8065,Laura Run
8502,Ball Track
974,Christopher Meadow
8005,Lee Island
857,Nicole River
64282,Bryan Island
8704,Joseph Vista
197,Villanueva Meadows
89725,Amy Mall
83653,Jeffrey Wells
17390,Carl Hills
638,Morton Vista
924,Bautista Turnpike
0275,Debra Corner
078,Jeffrey Manor
47127,Garcia Grove
406,Brooks Ranch
15943,Daniel Stravenue
6354,Christy Divide
92775,Lori Corner
744,Farley Wall
37744,Small Summit
686,Amanda Row
39297,Johnson Isle
32547,Day Extensions
476,Fleming Gateway
3092,Matthew Hills
016,Charles Harbor
387,Ball Villages
639,Michael Crest
70832,Patricia Fields
29906,Valerie Extensions
54719,Flores Track
405,Wood Orchard
4039,Brenda Loop
895,Justin Burg
556,Nelson Isle
6459,James Ferry
4716,Black Summit
612,Phelps Stravenue
933,Brian Glens
9849,Anthony Fields
74192,Jesse River
0395,Norris Radial
521,Wright Bypass
4655,Robinson Club
912,Perez Cliff
75241,Tammy Park
10141,Avila Station
97928,Mckinney Harbor
0014,Bryan Mall
19265,Joshua Club
7803,Berry Course
2139,Torres Village
014,Young Oval
34794,Jackson Ford
93822,Proctor View
189,Bonnie Harbor
12816,Kristin Lake
51750,Riley Circle
56353,Monica Via
69298,Nicole Ways
64754,Castaneda Roads
7090,Reilly Tunnel
50259,Martin Grove
123,David Ways
539,Martha Keys
60339,Palmer Camp
5602,Katie Station
929,Carter Locks
3529,Sullivan Cape
74309,Smith Field
0982,John Lights
3350,House Via
12510,Susan Isle
061,Jason Forges
354,Devin Brooks
203,Erin Lane
1289,Robinson Mountain
67480,Baird Forges
522,Brown Flats
65636,Mason Parkways
35766,Green Row
24036,Lopez Point
547,Sarah Light
13134,James Gardens
4976,Thomas Corner
6033,Doyle Center
64283,Hahn Ridges
67901,Angela Burg
660,Christopher Mill
6379,Marsh Freeway
13117,Fields Bridge
633,Boyd Well
2058,Abigail Road
221,Gardner Tunnel
6640,Cunningham Parkways
850,Medina Shores
278,Elizabeth Forks
2680,John Points
8061,Brianna Rapid
669,Ellis Alley
82590,Johnson Branch
26851,Richard Trail
07747,Gomez Row
1873,Michelle Road
62018,Wilson Orchard
6094,Craig Wells
695,Mckinney Prairie
098,Gomez Drive
30700,Jones Turnpike
17391,Andrew Rest
68940,Joanna Shores
945,Duncan Hills
09486,Ashley Islands
370,Justin Motorway
8313,Rodriguez Mountain
61957,Johns Lock
830,Barry Spurs
6720,Alan Streets
89883,Mitchell Inlet
4234,Joseph Forge
75894,Phyllis Spur
9863,Ortiz Locks
074,Sharon Station
9003,Jones Ridge
3634,Barrett Well
13799,Perkins Avenue
7599,Rhonda Rapid
14603,Mccullough Gardens
29587,Ellen Lane
71238,Monica Prairie
326,Ruiz Plain
3104,Heather Courts
0246,James Locks
8362,Rodney Squares
048,Patterson Fords
79516,Elizabeth Fork
40818,Monica Camp
74062,Obrien Locks
583,Baker Manor
760,Susan Mill
0465,Lee Passage
142,Garrett Place
1041,Cole Roads
4145,Pitts Pine
23049,Michael Centers
7312,Kristin Groves
70917,Benjamin Harbor
0962,Huff Spring
367,Dana Divide
364,Hampton Turnpike
7267,Gerald Branch
075,Malone Branch
356,Reeves Mountain
7540,Pearson Oval
459,Christopher Point
42242,Alejandro Pass
7153,Joshua Cove
7445,Heather Station
564,Lori Harbors
9421,Miller Plaza
04991,Newman Lane
939,Carroll Shores
67249,Brian Inlet
363,Miller Falls
85968,Susan Union
360,Shaffer Grove
936,Amy Trail
8256,Brenda Prairie
27969,Sanchez View
12666,Connie Square
630,Jones Course
114,Moore Walks
0417,Sandra Tunnel
77224,Brendan Ramp
2615,Johnson Burgs
056,Paula Ferry
2419,Cooper Hill
7050,Eddie Field
208,Clark Manor
590,Donald Overpass
132,Tamara Roads
056,Amanda Mountain
4306,Lauren Drive
6730,Roman Parks
0974,Christopher Plain
434,James Fords
266,Morris Union
4993,Dorothy Vista
356,Rogers Isle
14275,Johnson Mill
503,Leonard Summit
75478,Young Well
16345,Alexander Spring
37002,Collins Road
9667,Moore Crest
87486,Vanessa Common
1320,Cynthia Camp
7572,Holden Trace
93145,Ashley Tunnel
57531,Fowler Valley
98358,Cindy Spurs
322,Lee Via
8996,Lamb Point
6521,Morris Isle
125,Hart Gardens
2149,Jennifer Forks
61882,Zachary Inlet
150,Valdez Rue
2827,Benjamin Court
198,Samuel Lane
41500,Fuller Branch
597,Stephanie Run
740,Joshua Flats
5531,Bobby Valleys
147,Jeremy Drive
343,White Court
05807,Gonzalez Hills
5692,Anderson Glen
3969,Cox Unions
3162,Kevin Street
65122,Garrett Fords
341,Todd Lake
9269,Mary Well
42996,Adam Street
75045,White Mountains
4257,Moore Points
99141,Jennifer Circles
8286,Gomez Squares
2958,Christian Extension
2410,Briana Crossroad
805,Fox Plaza
59074,Michael Lake
408,Sandra Plaza
06805,Whitney Fords
1822,Donna Lodge
173,Ashley Mount
495,Thomas Shore
414,Neil Well
0571,Alexander Avenue
62418,Paul Light
500,Goodman Viaduct
360,Robles Radial
967,Jessica Locks
446,Day Burgs
715,Gary Stravenue
51795,Lane Expressway
9755,David Extensions
2480,Curry Point
68823,Walker Trace
762,Smith Extension
0173,Riley Parkway
4690,Robertson Locks
0814,Molly Flat
3991,Abigail Way
90564,Moore Ridge
886,Cameron Stream
838,Ray Field
4680,Kenneth Shores
4152,Jonathan Points
634,Julie Wells
48626,Sally Tunnel
0193,Frey Ports
2041,Sanders Route
9751,Richard Glen
6905,Jose Forge
0819,Nicole Summit
28160,Johnson Shoal
61704,Weeks Union
84294,Sanchez Gateway
6174,Li Plains
01157,Gates Circle
56376,Morris Crest
570,Shannon Estates
528,Kimberly Terrace
9319,Huerta Key
0097,Perry Extensions
37432,Patterson Mountains
9195,Richmond Garden
50869,Travis Lodge
144,James Coves
96153,Sandoval Pike
9139,Chris Park
3571,Miguel Plains
00381,Jordan Motorway
2942,Freeman Rue
71015,James Shoal
46933,Smith Plains
14679,Hernandez Mission
235,Christopher Skyway
8552,Lee Manors
0091,Carol Locks
690,Phillips Island
56931,Ashley Freeway
882,Jonathan Bridge
595,Arnold Throughway
73613,Bright Roads
272,Ferguson Crescent
5203,Mark Skyway
12953,Kurt Centers
94863,Woods Lodge
5089,Sabrina Turnpike
39015,Sara Ports
21633,Hicks Crossing
651,Williams Meadow
1708,Hunt Square
8348,Brad Via
596,Brian Road
5038,Morris Hollow
368,Hernandez Hill
965,Michael Prairie
15966,Boyle Groves
79842,Daniel Motorway
181,Washington Mission
519,Jon Rue
7757,Tony Forge
77822,Brown Bypass
0554,Kane Mountains
2335,Simon Cape
161,Joanna Squares
2847,Dominguez Village
828,Arnold Light
600,Meyer Avenue
295,James Land
75579,Moss Terrace
720,Garcia Turnpike
313,Terrell Squares
93874,John Mews
56104,Holland Valley
110,Meyers Mount
26361,Collins Mount
549,Kelly Stream
3207,Richard Mews
42146,Gray Mountain
1729,James Curve
1311,Daniel Skyway
8378,Cruz Mountain
879,Howard Burgs
695,Lisa Landing
433,Chandler Lodge
51180,Craig Center
445,Steven Streets
24419,French Inlet
597,Bennett Track
18759,Palmer Greens
2080,Love Port
6397,Estes Point
76008,Morrow Drives
5171,Gonzalez Gardens
2139,Joshua Drive
30268,Stephen Ville
1349,Dawn Haven
316,Cynthia Port
208,Ross Orchard
5513,Vincent Glens
358,Frank Trail
938,Ward Locks
96235,Preston Summit
001,Kathleen Park
480,Burke Park
494,Nichols Plaza
18231,Brenda Station
823,Knight Manors
044,Williams Forest
521,Fisher Point
55641,Kenneth Manor
9716,Roberts Terrace
03301,Andrea Stream
04737,Hill Curve
8302,Jimenez Street
43864,Thomas Spring
9025,Johnson Rue
3563,Lucero Plains
67836,Wright Forges
868,Lopez Plain
243,Amanda Light
032,Rebecca Extension
74259,Mays Viaduct
56248,Geoffrey Curve
403,Crawford Estate
4933,Gallagher Stravenue
63835,Sara Route
659,Chad Curve
942,Samantha Walk
573,Meredith Fall
8050,Martin Island
37652,Murray Orchard
802,Sanchez Neck
59431,Manuel Way
889,William Isle
769,Potter Key
73731,Priscilla Wells
68832,Charles Village
6938,Alexander Prairie
17564,Barbara Rest
88768,Thompson Isle
572,Williams Trail
439,Richardson Neck
088,Hernandez Union
7616,Destiny Extension
96504,James Mount
036,Stacy Mountain
38204,Elizabeth Trace
7411,Miller Garden
4985,Corey Station
8514,Adam Prairie
51315,Kathleen Route
639,Travis Mews
0306,Smith Cape
3064,Stephen Knolls
4757,Richard Crescent
53769,Justin Villages
512,Yu Plains
97807,Joshua Camp
1935,Corey Mission
5157,West Roads
2164,Mcclain Glens
4038,Ronnie Islands
0721,Combs Valleys
27912,King Rue
0327,Stewart Port
8342,Amanda Place
73920,Christopher Shore
70177,Smith Drive
537,Bishop Locks
08482,Sims Mission
7585,Michael Groves
50867,Carter Village
76333,Evan Port
2199,Ana Viaduct
48738,Michael Causeway
252,Johnson Tunnel
94830,Wilson Path
43612,Jeff Loop
08541,Arnold Tunnel
149,Parker View
3425,Robert Fort
147,White Course
5806,Martinez Drive
6759,Rodriguez Junctions
486,Powell Crossroad
2430,Fisher Villages
38258,Anderson Points
241,Craig Summit
26464,Angela Loaf
96229,Robert Squares
65435,Allison Turnpike
4962,Erica Dale
59550,Brian Island
3092,White Port
8996,Guerra Track
94790,Zachary Field
000,William Terrace
482,James River
11197,Graham Corner
9979,Jonathan Trafficway
333,Oscar Meadow
912,White Meadows
6505,Miranda Terrace
46109,Erica Meadow
1597,Joy Curve
011,Jackson Mountains
2250,Scott Rue
889,Miller Mission
580,Long Heights
747,Gabriel Rue
74298,Rebecca Union
3203,Woods Points
339,Powell Manors
08590,Jonathan Loaf
3546,Powell Manor
416,Klein Burg
580,Terry Heights
26831,Alicia Views
724,Parker Dam
95548,Katherine Plain
317,Victoria Lakes
56047,Nicholas Shore
179,Ellis Ridges
10766,Jordan Lodge
5895,Bennett Extension
3447,Sandra Stravenue
690,Hansen Loaf
78758,Hill Avenue
5176,Samuel Ridges
596,Chapman Fords
6082,Michelle Freeway
988,Cole Place
87443,Reynolds Plain
89300,Rodney Overpass
70183,Jennifer Trail
927,Franklin Corners
89995,Paul Shoals
5263,Waller Canyon
89611,Williams Junction
33812,William Garden
9564,Catherine Well
40473,James Views
4312,Julie Rue
172,Alexander Glen
1556,Tammy Neck
32977,Carney Stream
52157,Brenda Views
0706,Joshua Row
600,Lisa Valley
73970,Juan Brook
2017,Victoria Mountain
559,White Drives
2471,Cheyenne Branch
632,Barber View
74473,Amanda Islands
098,Jacqueline Meadows
777,Hall Road
373,Christina Stravenue
3462,Reed Ranch
400,Cassandra Lodge
979,Steven Course
30901,Anderson Plains
8107,Cabrera Lake
4353,Guzman Lodge
761,Pedro Vista
480,Gutierrez Creek
10233,Alexander Ranch
0433,Jaime Hills
850,Sandoval Forest
7648,Susan Ville
616,Jennifer Mall
573,Timothy Estate
37661,Burns Cliffs
657,Johnson Rue
649,David Dale
6862,Lisa Curve
36977,Jennifer Spur
139,Jenna Via
025,Christopher Creek
90855,Jacobs Station
14532,Walter Glen
261,Schroeder Drive
4303,Jason Roads
9789,Rangel Course
35436,Welch Highway
7039,Megan Camp
1679,Danielle Glen
46892,Meredith Stream
1867,Oconnell Turnpike
3543,Katrina Landing
8317,Huerta Points
136,Cathy Drives
58407,Huber Terrace
110,Cody Row
827,Sims Manors
36637,Harris Coves
6401,Michelle Plain
8538,Morrison Island
119,Hernandez Prairie
990,Knapp Lodge
524,Sanchez Plaza
42004,Angelica Ramp
6949,Randall Falls
1850,Duncan Fields
9813,Dodson Mountains
6470,Matthew Fort
9765,Potter Unions
874,Gabriel Rue
35332,Donald Station
11507,Patterson Coves
245,Jacqueline Gateway
819,Hart Centers
174,Patel Grove
10951,Williams Mall
28073,Bray Passage
10291,Norris Lake
73691,Edward Neck
1306,Powell Course
9422,Wolf Heights
4315,Sheppard Heights
61098,Sandra Plaza
4789,Tracy Summit
8523,Brown Creek
206,Reed Manors
705,Kyle Track
54357,Jensen Ridges
7527,Briana Mission
8904,Tucker Mills
472,Lyons Pass
9447,Young Street
22161,Penny Cliffs
364,Ryan Roads
256,Lee Meadow
786,Timothy Extensions
57339,Rhonda View
25838,Suarez Hill
89583,David Canyon
5347,Chandler Greens
8826,Robertson Centers
13303,Tyler Village
92072,Elizabeth Parks
85874,Linda Court
28481,Cowan Stream
00246,Lynch Walk
9813,Baker Plain
1417,Stephen Plains
5257,Michael Pines
432,Walter Islands
025,James Way
044,Clark Ports
79623,Brown Ranch
023,Foley Freeway
827,Amy Road
03077,Baker Rue
2008,Paul Fort
1014,Watson Forest
8593,Lucas Oval
89694,Pratt Causeway
937,Diane Flat
240,Brooke Circles
788,Sloan Landing
6001,Vaughn Lane
8934,Sanchez Valleys
53574,Jason Mount
026,Waller Fields
5301,Eric Burgs
55954,Kennedy Fields
2045,Morris Vista
64125,Carson Common
6277,Mora Summit
667,Logan Station
499,Dean Unions
247,Tina Port
44301,Thompson Burg
863,Jeremy Ports
875,Rebecca Grove
2960,Tammy Mews
3803,Tracey Wall
523,Haney Unions
3552,Leonard Tunnel
99207,Harold Burg
138,Cody Course
211,Jennifer Creek
4089,Paula Mall
2067,Noah Neck
90117,Dominguez Shores
299,Ashley Harbor
56306,Jackson Avenue
463,Angela Isle
0486,Robert Terrace
6647,Jones Fields
8901,Reynolds Islands
03956,Christina Island
833,Hannah Hollow
6695,Jodi Forges
5772,Mary Club
88277,John Club
200,White Lock
31566,Lopez Avenue
29471,Ian Port
911,Kenneth Trace
97483,Sarah Garden
775,Rodney Run
4102,Andrea Skyway
9477,Katie Ports
55319,Jennifer Spring
1274,Melissa Isle
713,Jackson Cliffs
9782,Connie Locks
99143,Anthony Terrace
4140,Olson Drive
69023,Michael Road
9852,Elizabeth Pine
370,Phillip Junction
906,Phillip Shoal
66199,Melanie Wells
757,Lindsey Walks
4622,Donald Estates
2257,Louis Parkway
2931,Joshua Forest
9395,Charles Parks
58974,Johnson Crossing
3763,Brenda Creek
1278,Riddle Crossing
921,Stephanie Avenue
942,Charles Rest
6807,Jacob Common
050,Philip Unions
543,Spencer Center
302,Tina Haven
888,Valerie Divide
776,Tonya Road
426,Susan Freeway
01128,Michael Views
4319,Yvonne Isle
35892,Smith Park
9983,Jones Lodge
496,Johnson Track
439,Hill Mountain
1467,Raymond Court
4878,Carrillo Street
77311,Bonnie Summit
184,Wallace Glens
32134,Jonathan Center
88305,Simmons Passage
285,Adam Key
416,Burton Run
107,Ortiz Point
5293,Carlos Parkways
96492,Nelson Rue
7991,Smith Run
134,Kenneth Fords
2231,Warren Shores
56928,Mark Forge
7744,Floyd Mountain
717,Oliver Fords
57720,Flores Heights
65745,Berg Brooks
103,Curtis Station
651,Bradley Underpass
81185,Lara Expressway
0746,William Spur
297,Perkins Brooks
921,Megan Springs
8661,Kenneth Common
326,Strong Mall
14081,Andrea Circle
3348,Reeves Extensions
43889,Simpson Union
185,Jeffrey Stravenue
6876,Joseph Causeway
05146,Fernandez Row
528,Ashley Square
81457,Alicia Circles
9642,Jeffrey Bypass
28259,Gray River
0456,Christine Ridges
06214,Hall Streets
72097,Martin Gardens
4015,Friedman Court
5901,Hernandez Crescent
26605,Whitaker Road
7413,Denise Meadow
96760,Margaret Circles
89533,Michelle Flat
82265,Terry Stravenue
7041,Calhoun Divide
789,Meghan Causeway
900,Michael Avenue
99956,Contreras Mission
1116,Hanson Drives
1495,Daniel Loaf
906,Trevino Flat
83540,Chelsea Park
23077,Tina Spurs
10481,Eileen Court
26788,Adam Park
20534,Vicki Ville
1141,Jamie Isle
378,Rivera Prairie
683,Ayers Rapid
736,Christopher Pines
226,Denise Mount
619,Brian Trail
8745,Perry Locks
7186,Jackson Bypass
30169,Torres Streets
664,Velazquez Center
74103,Courtney Knoll
176,Keith Drive
5906,Janice Locks
428,Olivia Squares
49328,Smith Trail
845,Williams Point
89747,Tracy Greens
84005,Ronald Gardens
692,Munoz Ridges
209,Reilly Forges
72393,Nicholas Neck
0650,Saunders Loaf
52505,Garcia Corner
33517,Chen Estate
4091,Dodson Station
963,Erickson Neck
0725,Elizabeth Spurs
0705,Jeffrey Terrace
878,Greene Prairie
97574,Vargas Shore
4532,Guerrero Lodge
7252,Erica Point
7698,Michelle Summit
934,John Roads
5227,Christina Isle
253,Lee Tunnel
399,Weaver Coves
525,Stacey Green
5183,Howard Ford
72798,Robert Walks
73621,Darius Road
06974,Michelle Mall
21337,Sheila Route
1040,Michelle Extensions
1769,Jordan Trail
189,Watson Ridges
132,White Pines
19336,James Meadow
8453,Brooks Island
962,Morse Drive
071,Nelson Lights
327,Joseph Port
75618,Jerry Stream
2264,Watkins Inlet
8113,Angela Walks
255,William Bridge
9153,Davis Station
252,Brian Square
388,Osborn Trail
315,Craig Crest
12228,Randy Highway
007,Tami Causeway
0730,Daniel Harbors
45059,David Ridge
79185,Sherri Plaza
436,King Knolls
54679,Anthony Stream
69345,Mary Trace
66065,Hunter Manors
17966,Conway Light
48999,Woods Junction
793,Jordan Lock
273,Deborah River
570,Palmer Common
74651,Michelle Rue
3281,Emily Mountain
87578,Susan Shoals
1700,Austin Run
33030,Andrade Fords
7977,Rasmussen Parkway
7724,Ashley Groves
7802,Li Common
735,Gary Parkways
87357,Rodriguez Creek
3963,Williams Street
3266,Frances Dale
17908,Brooks Port
1286,Lynn Estate
734,Mitchell Ramp
68770,Larson Mountains
059,Huffman Parkway
5335,Hill Landing
7974,Kirby Turnpike
13763,Davis Summit
54643,Laura Port
23106,Kim Port
51989,Nguyen Mews
8198,Janet Crossing
9426,Ronald Meadow
711,Kim Fields
81563,Hawkins Throughway
82091,Mclaughlin Knoll
9317,Mark Spurs
37949,Steven Plains
91011,Christopher Points
31154,Owens Club
3987,Williams Corner
130,Anthony Freeway
015,Gregory Manor
634,Hall Flat
58286,Blair Plain
9427,Joshua Drives
722,Andrew Square
94319,Wells Views
9416,David Gardens
84909,Allen Tunnel
3091,Manning Well
3055,Hardin Knolls
02326,Ernest Station
041,Robinson Spring
7651,Hicks Union
7612,Davis Bridge
402,Samantha Union
1605,Renee Ports
0809,Danielle Village
356,Miller Village
51222,Haney Trail
4118,Howell Trace
24096,William Fort
1769,Mcdonald Gardens
4018,May Park
73079,Joshua Squares
072,Perez Ford
0077,Gonzalez Pine
79508,Jones Port
876,John Turnpike
5112,Eugene Camp
68337,Anderson Fields
37032,Kurt Groves
029,Ethan Throughway
98720,Jerry Corners
52064,Angela Locks
74286,Keith Oval
776,Haynes Terrace
1334,Shannon Lodge
783,Patterson Shoal
2521,Jennings Lakes
455,Meyers Extensions
343,Jerry Vista
01072,Haney Roads
76876,Jennifer Plaza
6624,Simmons Ways
3665,Mills Lodge
308,Joseph Tunnel
088,Underwood Shoals
7223,Brown Heights
94174,Tammy Trafficway
9686,Austin Mills
9853,Fitzgerald Club
6192,Carter Square
274,Christina Burgs
23750,Jose Rest
5994,Garcia Lock
471,Monica Vista
7606,Orozco Rue
26551,Brandon Light
2831,Jeremy Center
07149,Turner Union
56108,Kelly Parks
086,Thompson Circles
7408,Smith Run
9187,Melissa Bypass
78622,Derek Common
14312,Kayla Flats
2759,Lori Rest
075,Shepard Forge
4570,Michelle Pine
1748,Eric Estate
391,Waller Haven
792,Cox Points
5746,Pope Underpass
1551,Harry Inlet
51633,Shannon Road
3115,Reyes Forges
991,Lowery Dam
6651,Erin Groves
3810,Eric Island
292,Barry Manor
597,Ford Rapids
7751,Joseph Vista
859,Yvonne Orchard
903,Cooley Crossroad
096,Alexis Junctions
14329,Snyder Isle
8472,Hernandez Crossroad
889,Jerry Shoals
681,Morgan Turnpike
059,Alexander Underpass
67214,Johnson Dale
4607,Coffey Manor
3899,Chandler Underpass
78297,Brian Throughway
7697,Stokes Prairie
804,Michael Track
536,Alexander Island
2671,Ware Lake
08102,Nathan Wells
4271,Sherri Field
3728,Vega Extensions
1680,Desiree Stravenue
157,Wheeler Views
908,Jackson River
8436,Christopher Lights
146,Moreno Valley
767,Michael Street
0139,Teresa Circles
8464,Webb Lock
20627,Charles Springs
598,Swanson Junctions
81103,Emily Islands
31134,Rivera Lake
56356,Giles Trail
511,Emma Garden
2374,Boyd Fords
269,Brown Island
7763,Campbell Vista
8907,Debbie Roads
62550,Patel Pike
90830,Matthew Ford
34538,Thomas Port
928,Patel Gateway
877,Freeman Points
04963,Gary Haven
65859,Wilson Divide
85659,James Creek
56102,Robin Ports
491,Christopher Island
517,Martin Freeway
2253,Jessica Highway
79239,Desiree Extension
927,Jessica Bridge
9796,Morales Springs
817,Diana Avenue
420,Patton Manor
57379,Lisa Harbor
75150,Eaton Village
41178,Davis Street
9251,Tran Lane
441,Kelly Estate
734,Joseph Square
75195,Mcintyre Lights
66051,Warren Cliff
2336,Grant Points
53815,Roberson Crossroad
13715,Kristin Ramp
91099,Cook Fork
78110,Howard Squares
26413,Graham Throughway
689,Amy Village
2566,Young Park
8404,James Groves
211,Brown Lock
986,Katie Trace
754,Molly Expressway
6372,Jessica Park
292,Booth Points
917,Kimberly Trafficway
60694,Pamela Ford
600,Contreras Estate
29339,Castillo Cliffs
287,Adam View
27125,Tanner Summit
012,Matthew Meadows
321,Daniel Parkways
96306,Gregory Via
9685,Rogers Coves
457,Black Prairie
78396,Mccarthy Spurs
5201,Greene Forges
039,Kimberly Springs
0062,Palmer Orchard
089,Bauer Vista
210,Olson Field
49190,Garcia Ridge
2289,Kaylee Plains
25514,Justin Stream
267,Jose River
9801,Stone Dam
289,Nicole Common
460,Timothy Corners
00021,Lane Loop
921,Cunningham Ports
04932,Brown Road
07631,Nathan Bridge
21338,Webb Corners
404,Nguyen Corners
49715,Anderson Rest
418,Scott Spring
4088,Hoffman Heights
162,Karina Islands
573,Ann Grove
6349,Christopher River
50183,Cox Common
8854,Hall Parkway
1645,Smith Springs
31799,Daniel Trafficway
909,Mark Falls
30987,Jack Landing
11182,Matthew Grove
84159,Bell Green
78972,Torres Fords
511,Kim Lights
584,Colon Plaza
9157,Kathleen Locks
35698,Ashley Throughway
6936,Jody Falls
7240,Sandra Hill
7377,Catherine Pines
2412,Blackburn Spurs
3391,Richardson Crest
832,Daniel Mews
99354,Smith Stravenue
13525,Harris Crescent
57049,Jamie Mountain
94816,Burns Neck
80379,Kim Ford
39531,John Cliffs
3621,Nguyen Greens
6841,Melissa Tunnel
4115,Danielle Center
32376,Robin Glen
4264,Sabrina Motorway
6668,Moran Glens
9234,Harrell Manors
47859,Moore Mall
196,Shepherd Brooks
56558,Catherine Course
49890,Martin Isle
255,Torres Course
131,Curtis Shoals
06428,Margaret Flats
2787,Best Freeway
2767,Grant Village
2340,Barton Springs
18223,Samantha Fields
668,Roberts Haven
56450,Sherri Road
1041,Goodwin Center
771,Brennan Mountain
25680,Carroll Grove
4952,Estrada Rapids
20013,Barry Inlet
931,Paul Brooks
72351,Novak Shoal
47566,Angelica Corners
743,Gomez Motorway
9023,Jones Trace
6439,Brown Knolls
053,Michael Well
7678,King Bridge
8710,Robinson Lake
0317,Watson Ramp
609,Oneill Mountains
78928,Daniels Pass
37607,Phelps Prairie
229,Justin Trafficway
9974,Simpson Corners
7729,Carla Lodge
62766,Desiree Ford
009,Mary Via
85339,Pope Underpass
17331,Thompson Ford
67650,Jessica Plaza
24950,Brandon Route
4095,Barber Mews
521,Lisa Motorway
81493,Wilson Expressway
16668,Wilson Motorway
0097,Morgan Isle
789,Manning Ramp
9787,Rodriguez Key
4101,Norris Mews
1189,Garcia Mountain
9721,Lee Coves
18882,Miller Ford
03121,Teresa Mission
54622,Thomas Drives
0933,Johnson Light
078,Murphy Locks
6933,Rebecca Meadows
5435,Stephens Corners
346,Kelly Shore
60892,Larry Springs
0993,Jimenez Falls
44817,Alyssa Mills
2257,Bradshaw Via
291,Rose Mission
33967,Kristen Corners
044,Kyle Fields
92589,Smith Pike
454,Jones Track
4489,Thomas Trail
07885,Reyes Hill
93858,Gina Row
6224,Kevin Neck
6661,Miller Light
37850,Brian Well
448,Proctor Loop
67635,Carroll Rue
745,Manning Port
4205,Rodriguez Meadow
2817,Julia Motorway
725,Griffin Groves
58536,Jennifer Green
105,April Rapid
084,Olivia Burg
3509,Dylan Road
5933,Zachary Crossroad
909,Gilbert Bridge
57754,Miller Drives
43589,Fitzgerald Forges
84690,Ray Locks
8615,Anita Ramp
8182,Rios Glens
697,Francis Forge
43917,Samantha Key
2239,Davis Plain
44774,Mindy Villages
17664,Robert Causeway
9898,Fowler Light
42462,Smith Knoll
1069,Sarah Alley
548,Tyler Freeway
2441,Santana Trail
7833,Jeremy Meadows
36108,Nichols Gateway
2287,Amanda Bridge
718,Robin Radial
42119,Dakota Lock
064,Mendoza Dam
30242,Davis Coves
03889,Patricia River
346,Crystal Meadow
7206,Lindsay Wells
90480,Miller Center
0329,Hansen Station
31553,Jones Plain
266,Mary Extension
94572,Saunders Drive
65513,Newman Green
01085,Jones Courts
52431,Hernandez Haven
6584,April Fields
6229,Jennifer Spur
39672,Aaron Trace
0597,Woods Flats
12617,Bishop Crossroad
0529,Daniel Corner
545,Branch Island
0504,Martinez Villages
9851,Michelle Villages
478,Schroeder Plains
14543,Lloyd Motorway
84234,Jones Meadows
9114,Theresa Cliff
6707,Terri Lodge
010,Anderson Lodge
967,Gomez Points
756,Angela Villages
63665,Campbell Turnpike
9276,Jenkins Ports
853,Nathan Streets
0882,Andrew Inlet
921,Ferguson Parkways
5607,Mitchell Crossing
70785,Keith Plain
847,Keith Station
243,Kelly Trace
30863,King Summit
2290,Owen Row
0397,Sean Ridges
57404,Kimberly Circle
04332,Jennifer Trace
364,Holloway Crossing
546,Swanson Falls
3073,Melanie Rapid
64886,Hernandez Club
7532,Julia Villages
00143,Courtney Squares
606,Walker Tunnel
11584,Tyler Falls
23712,Justin Greens
75467,Nicole Ports
2841,Powers Unions
3718,Huber Shoal
826,Smith Motorway
3182,Sara Cliffs
2401,Michael Plaza
337,James Villages
8462,Nelson Vista
54963,Bruce Cliffs
31649,Graham Turnpike
087,Laura Rapids
16579,Morgan Rue
991,Levi Canyon
8861,Linda Plains
68111,Caroline Manors
71391,Jodi Turnpike
541,Carter Point
6833,Benjamin Well
879,Burke Knoll
441,Melvin Oval
790,Jacob Lodge
445,Medina Route
0196,Short Greens
69031,Jarvis Ford
47363,Friedman Center
056,Laura Cape
961,James Glens
38205,Chandler Junction
10161,Walker Spring
139,Kim Street
323,Floyd Streets
5263,Richard Forge
800,Patel Harbor
35568,Stephanie Underpass
90262,Anderson Spring
3375,Brooks View
824,Kyle Centers
08803,Colin Crest
3907,Shields Centers
333,Annette Harbor
80527,Leonard Village
956,Cynthia Road
954,Michelle Summit
33180,Roger Turnpike
345,Cindy Plain
8639,Santos Ville
151,Theresa Crossing
45849,Baker Ford
47847,Houston Cliffs
4053,Moses Track
984,Smith Camp
52708,Crystal Rapid
85224,Cortez Course
463,Brown Light
9044,Cooper Turnpike
314,Gregory Common
013,Ann River
8628,William Flat
0350,Lori Fords
66224,Brian Lodge
895,Christina Burg
5873,Garcia Vista
6500,Juarez Point
224,Steven Corner
9935,Young Mission
8572,Nicholas Coves
5291,Ronald Run
2250,Adam Plaza
2085,Cameron Heights
558,Whitehead Union
788,Hernandez Stravenue
745,Christine Pines
0188,Gonzalez Port
588,Travis Haven
49699,Barker Views
1105,Nathan Road
4132,Mccoy Lake
6227,Leblanc Gardens
16264,Holly View
118,Mcfarland Plains
151,Jeremy Glen
010,Nicholas Crossing
07866,Robert Springs
8685,Joseph Hill
2651,Eric Isle
46366,Watson Village
6984,Clark Corner
51043,Baker Village
477,Tiffany Route
67434,Joanne Forest
613,Rachel Drive
136,James Walk
661,Ruben Springs
66152,Robert Wells
7694,Watson Lock
350,Gordon Drive
87947,Mark Drive
653,Adam Wall
2814,Fisher Trafficway
245,Sherry Freeway
637,Smith Skyway
9107,Tucker Cape
7098,Keith Skyway
783,Hughes Drive
413,Callahan Prairie
5767,Powell Locks
65637,Evelyn Motorway
59287,Graham Route
12119,Benjamin Streets
45943,Wolfe Curve
361,Donna Burg
24362,Rachel Keys
47474,Larsen Common
2906,Sara Stream
741,Rose Mews
53589,Kevin Dale
5688,Chad Cove
15788,Kelly Square
642,Adams Springs
7676,Torres Mill
14179,Phillips Lock
177,Navarro Gardens
26094,Tammy Shore
86907,Michelle Brook
2575,Gibbs Valleys
9735,Walker Rapid
699,Gilmore Wells
48300,Horton Knoll
371,Miles Springs
718,Carter Shoals
5816,Antonio Stravenue
622,Perez Bridge
4445,Morse Wall
08245,Roberts Viaduct
1675,Alvarez Common
80322,Thomas Trail
4621,Heather Spur
897,Kristina Forest
12956,Gabriela Dale
427,Tracy Skyway
388,Gregory Dam
537,Nelson Trafficway
68512,Veronica Station
066,Duran Ridges
3583,Lisa Field
06480,Robert Squares
481,Sullivan Stravenue
221,Michael Street
56358,Michael Loop
5458,Briggs Tunnel
81400,Teresa Summit
85617,Moreno Key
83010,Stevenson Tunnel
433,Gomez Lake
11188,Amanda Spring
6686,Summers Well
323,Kayla Villages
288,Jody Parkway
973,Morris Spur
2746,Peterson Pines
04576,Mark Forest
63307,Johnson Station
633,Mark Corners
4720,Leslie Village
87479,Gabriel View
1869,Jason Place
87206,Medina Causeway
7437,Tanya Causeway
772,Tanya Expressway
21978,Jillian Island
102,Acosta View
271,Walters Vista
5641,Howell Trail
1578,Laurie Extensions
847,Phillip Points
8514,Dakota Wells
9750,Dylan Parkways
51597,Rivers Square
183,May Views
87804,Burke Ridges
616,Stacey Springs
75261,Reyes Union
93330,Wilkinson Extension
5405,Timothy Harbor
909,Roth Radial
518,Jose Avenue
38718,Sharp Forest
737,Diane Meadow
3577,Gordon Turnpike
5300,Bradley Port
68815,Smith Bypass
18965,Fernandez Hill
016,Emily Keys
8817,James Point
6942,Brittany Springs
63561,Kevin Green
97120,Kelly Creek
6824,Emily Dam
27292,Robert Meadow
6513,Johnson Unions
1004,Matthew Dale
5039,Douglas Inlet
6012,Pierce Locks
9045,Oliver Springs
24124,Kerr Flats
00893,Timothy Pass
0166,Peter Station
24564,Douglas Lock
757,John Crescent
92629,Meghan Points
858,Scott Cove
12759,Payne Lodge
45166,Andrews Neck
5820,Michael Prairie
842,Jeffrey Rue
908,Destiny Pike
83558,Wagner Centers
586,Fisher Square
929,Aimee Radial
19113,Sara Club
9465,Joshua Track
96590,Garcia Greens
91595,Emily Camp
365,Michael Branch
215,Everett Islands
913,Matthew Pike
94935,Catherine Junctions
446,Petersen Springs
60400,Barrett Parkways
67707,Samantha Tunnel
661,Guerrero Cliffs
196,Amy Estates
2718,Pamela Locks
4118,Christina Trafficway
01284,Kyle Harbor
23473,Patrick Drive
17668,Brandy Squares
81390,Elizabeth Cape
34198,Meyer Gardens
86605,Jason Lake
75092,Samantha Islands
53117,Reese Springs
12148,Andrew Mountains
6406,Patrick Orchard
4619,Gray Villages
658,Smith Trail
30075,Robert Club
7525,Jack Terrace
7832,Johnson Parkway
15527,Lisa Lock
1717,Bradley Radial
072,Fleming Ramp
10206,Andrew Knolls
9440,Freeman Key
55249,Madeline Fords
08139,Anderson Mall
96050,Paul Drive
715,Amanda Rapid
1589,Lee Heights
5488,Shawn Mission
97205,Richard Village
008,Tammy Fall
28767,Andrew Alley
37106,Danny Park
320,Kyle Manor
2416,Peter Groves
32561,Sanchez Squares
11914,Washington Glens
9006,Michael Expressway
0082,Joshua Locks
41756,Ingram Valley
562,Shawn Viaduct
944,Terrell Pike
985,Deborah Field
5118,Raymond Squares
0562,Regina Inlet
74793,Charlene Plains
08774,Benjamin Bridge
9658,Garcia Cliffs
32378,Summers Overpass
190,Amy Cape
3174,Daugherty Stravenue
890,Warner Isle
69932,Daniels Knolls
802,Tara Skyway
1772,Sheryl Groves
485,Gomez Knoll
87754,Wilson Valleys
98322,White Spur
420,Robert Inlet
56680,Joel Drives
0378,Denise Extension
82585,Clayton Springs
2863,Ramirez Knoll
204,Warner Village
326,William Spring
767,Dawn Valley
4561,Kevin Corner
5980,Brennan Square
80663,Nathaniel Flat
756,Lauren Estates
61816,Jesse Oval
372,Rodriguez Brook
601,Christine Park
91981,Samantha Springs
129,Parker Rapids
31792,Hubbard Ville
1082,Marshall Dam
74371,Michael Walks
5897,Gary Locks
8418,Johnson Pines
74035,Kenneth Avenue
03682,Roth Mountain
185,Tammie Locks
2827,Stephanie Crest
3944,Carol Mountains
22978,Jason Lodge
614,Carey Glens
90159,Reed Mission
527,George Oval
25311,Chelsea Prairie
641,Tammy Union
134,Linda Port
254,Gallegos Spurs
76559,Heather Unions
508,Derrick River
13950,Peterson Green
997,John Common
85147,Moore Estates
3214,Dunn Trace
197,Sue Squares
456,Monique Forge
851,Lopez Locks
92695,Cynthia Burg
975,Carla Isle
418,Brittany Drive
9258,Alicia Glen
3357,Michael Rue
28866,Douglas Port
9825,Jones Plains
2241,Foster Glen
3198,Kristine Glen
9513,John Ways
97157,Harold Fords
38198,Franklin Center
40793,Victoria Mountain
413,Heather Landing
7599,Adam Drive
132,Washington Highway
4026,Sheila Divide
5039,Jeremy Squares
2822,Gardner Glen
009,Carey Light
631,King Curve
256,Jones Union
78697,Huang Center
7940,Price Inlet
6488,Sawyer Circle
499,Daniel Junctions
4732,Robert Island
6899,Hardy Shoals
9585,Roy Mill
25589,Patrick Courts
74034,Villegas Plaza
90692,Brent Fall
3483,Sharon Vista
565,Odonnell Bridge
5251,Crystal Forge
61311,Robinson Falls
47180,Nash Expressway
230,Wilkins Summit
3148,Aguirre Club
669,Mata Viaduct
462,Julie Pine
639,Dickson Mill
177,Morgan Freeway
428,Thomas Mission
18131,Kimberly Mission
619,Tanner Course
286,Davis Roads
3950,Edward Turnpike
2849,Jessica Islands
4920,Francis Corners
64673,Rogers Locks
2090,Rachel Tunnel
31462,Gomez Groves
702,Thompson Way
893,Fernandez Mission
01108,Ryan Keys
688,Andrew Cape
06249,Tracy Garden
191,Bridget Lane
5328,Banks Lake
5011,Haynes Fords
32571,Lawson Mountain
28032,Collins Walk
667,Mitchell Forge
4350,Terri Circle
02530,Veronica Ports
71231,Campbell Crossroad
241,Jeanette Hill
01536,Mccann Radial
3516,Matthews Forks
712,Patton Summit
048,Stephen Cliff
362,Mayer Station
6392,Michelle Estates
226,Strong Crescent
777,Paul Shoal
385,Vega Vista
78546,Bryan Mount
521,Kevin Square
94506,Lewis Fields
96846,Allison Knoll
6294,Ball Harbor
25009,Darren Brook
260,Roberts Park
50056,Collins Fields
5436,Hicks Forge
235,Hughes Parkways
22857,Brenda Mission
8668,Teresa Ports
1019,Lisa Dale
7515,Marilyn View
32199,Hahn Place
2788,Javier Green
47017,Charles Road
45618,Lee Garden
59048,John Ford
886,Andrew Mount
4617,Hernandez Islands
23643,Glenn Highway
712,Carter Coves
8641,Osborne Meadow
381,Joseph Corner
0916,Freeman Avenue
5810,Moore Ranch
13474,Rodriguez Field
13684,Jones Ford
15883,David Prairie
49298,Benson Mission
97612,Foster Motorway
6719,Claudia Point
24559,Toni Manors
8648,Simpson Crescent
7418,Lucas Turnpike
0973,West Route
467,Smith Turnpike
71806,Frederick Road
62845,Thomas Meadow
5519,Lucas Forest
7116,Xavier Manors
9128,Colin Rest
2482,Savage Station
33107,Lee Camp
76816,Taylor Ridge
58999,Jessica Flat
666,Galloway Radial
5196,Robertson Unions
07461,Willis Islands
79365,Kelly Haven
8662,Tina Ports
3107,James Point
425,Thomas Road
3737,Fitzgerald Lights
6818,Gregory Flat
949,Lee Rapids
8841,Christopher Throughway
1020,Daniels Light
1522,Figueroa Manor
683,Sandoval Mission
605,Hoover Estate
0857,James Flat
311,Arthur Mission
45285,Teresa Oval
0864,Hall Trail
5032,Barnes Streets
560,Jason Motorway
57405,Christopher Gateway
9138,Wright Hollow
86111,Alicia Plain
67417,Hill Loaf
8105,Elizabeth Mews
164,Margaret Lodge
1493,Laura Harbors
900,Andrew Circle
0928,Morse Rue
520,Pollard Burgs
764,Kayla Orchard
242,Dustin Summit
0180,Jacobs Parkway
68594,Michael Plaza
35236,Hampton Harbor
0442,Adam Loaf
853,Ramsey Harbors
7400,Jeff Ville
6879,Herman Spurs
551,Scott Lane
5661,Hughes Parkway
420,Jessica Land
22981,Steven Mountains
99723,Cochran Highway
483,Gonzales Mount
46432,Wyatt Loaf
07021,Shepherd Corners
147,Sally Crossing
965,Cheryl Estate
4508,David Square
3245,Jones Cliff
787,Joseph Underpass
1661,Jones Fords
128,Krause Mountain
1590,Kimberly Points
53823,Pham Ford
62939,Lin Landing
403,Brian Crescent
200,Karl Spurs
8182,Jones Crossroad
7008,Thompson Centers
4524,Brittany Route
5670,Barnes Inlet
24344,Santiago Street
91139,Andrea Terrace
92514,Shannon Ranch
7760,Becker Fort
15609,Carter Station
1364,Angela Throughway
594,Johnston Mount
07877,Cynthia Vista
176,Steven Dale
09615,George Villages
285,Hernandez Viaduct
40953,Wendy Parkway
82373,Gomez Forge
1692,Walker Expressway
4825,Wilson Lakes
5349,Eric Garden
00059,Kirby Stream
54376,Mendez Pass
3788,Phyllis Cove
63733,Isaac Cape
161,Amy Inlet
779,Jessica Rapid
35612,Cheryl Mills
9443,Nolan Union
98538,Ward Ridge
4696,Jacqueline Shoals
90162,Vaughan Circle
546,Mcdonald Parks
83892,Glen Burgs
07211,Leonard Street
05208,Debbie Way
316,Williams Loop
2007,Solis Mall
03162,Jonathan Stravenue
906,Theresa Walks
5419,Jackson Fork
095,Amber Falls
3766,Marie Highway
4674,Serrano Estates
5135,Burton Villages
033,Moreno Village
1325,Potter Valleys
12844,Kristy Fields
9198,Dale Extension
832,Nichole Wells
433,Luna Plains
915,Taylor Lakes
1403,Erin Court
3637,Eric Forges
954,Kevin Burg
14615,Gilbert Circle
894,Walsh Loop
676,Phillips Extension
11502,Brown Islands
602,Vanessa Estate
7641,Price Expressway
2314,Elizabeth Streets
0668,Peggy Corners
0207,Rose Dam
2682,Adrian Centers
54147,Fritz Station
32601,Christina Prairie
774,Ray Dale
611,Robert Keys
06520,Deanna Fords
3855,Burns Corner
4828,Rachel Valleys
92666,Hughes Trail
9830,Sarah Ranch
68832,Scott Squares
9000,White Inlet
37476,Burke Mountain
037,Wilson Row
991,Yoder Plaza
314,Natalie Road
4511,Sandra Mission
0765,Crystal Pike
547,Middleton Bypass
84260,Gene Shoals
4048,Ryan Way
0082,Parker Shore
14759,Bell Avenue
8243,Lee Brook
661,Watson Point
78810,Marie View
216,Clark Plains
0838,Allison Port
1333,Smith Valley
220,Campbell Wall
45472,William Garden
44376,Heather Way
34768,Johnson Rapids
27004,Morrison Vista
3644,Hernandez Ford
61180,Johnson Mill
07417,Matthew Grove
199,Katrina Views
43807,Robert Valley
8846,Derek Rue
351,Michael Shoal
517,Tiffany Island
69200,Blanchard Mountain
71789,Cervantes Ramp
470,Shawn Brooks
91812,Janice Burg
177,Nolan Field
42114,Michael Estates
4365,Cruz Divide
27103,Le Point
36937,Best Center
2472,Scott Grove
70053,Mills Forge
06844,Kyle Park
306,Acosta Mission
6641,Beth Curve
4256,Christopher Circles
26036,Chambers Village
666,Palmer Forges
1340,Alan Radial
020,Mayo Loaf
103,Brown Greens
92813,White Station
0339,Jamie Glen
45299,Shaw Crossroad
10641,Walker Route
322,Lawrence Land
90018,Dawn River
4966,Erin Forks
716,Barnes Rapids
845,Boyer Corners
168,Jennifer Walks
43394,Kathleen Summit
12780,Woodard Parkways
901,Hansen Locks
13502,William Valleys
41355,Mccullough Turnpike
05612,Brenda Crest
997,Brandon Shores
05170,Burch Rue
90483,Baker Light
0868,Kim Extensions
4837,Angela Rapid
9502,Scott Rapids
4900,Ramos Rapids
0203,Mendoza Glen
642,Hansen Common
0921,Eugene Green
8455,Rebecca Spurs
36833,Gill Hills
76301,Leonard Dam
22155,Ochoa Groves
24307,Karen Keys
4218,Jennifer Pike
626,Jackson Lights
60499,Jeffrey Crossing
982,Knapp Ports
47030,Darius Greens
361,Fernandez Manors
086,Courtney Course
1904,Renee Bypass
22084,Cooper Park
837,Rivera Groves
89914,Downs Harbors
564,Nicole Mountains
158,Casey Square
45141,Christopher Locks
281,Fields Drive
328,Brewer Park
0449,Manning Turnpike
8363,Kim Plaza
52512,Hernandez Overpass
47444,Frederick Pine
268,Sabrina Field
0990,Kenneth Garden
971,Bryan Crest
485,Garcia Tunnel
748,Michelle Tunnel
556,Richard Street
300,Carney Lodge
458,Donna Neck
53789,Welch Forks
6320,Schroeder Mission
418,Joshua Manor
85005,Rodriguez Heights
4502,Burns Loop
73544,Cheryl Islands
9548,Klein Rue
211,Dominique Turnpike
06167,Keith Stravenue
974,Danielle Junction
46873,Herrera Club
1515,Mcgrath Drive
260,White Harbor
220,Angela Springs
268,Wilson Squares
96383,Gill Inlet
40048,Timothy Station
7039,Chan Pass
717,Christensen Junctions
2094,Richard Dam
38708,Chad Motorway
9665,Tina Rest
6681,Vaughan Glens
945,Hall Loop
070,Sutton Village
2529,Carr Run
54746,Margaret Club
57976,Smith Creek
9404,Lozano Villages
580,Chelsea Neck
714,Garcia Green
40504,Melissa Lane
642,Mitchell Lodge
86404,Jean Plain
64819,David Garden
04357,Williams Estate
8037,Davis Mountain
3111,Porter Flat
184,Jones Brooks
82978,Dickson Crossing
196,Brown Park
01100,Austin Glens
594,David Pass
7022,Hess Islands
20924,Micheal Neck
335,Mason Light
297,Smith Walks
4598,Marvin Hill
2419,Eric Hill
35951,Martinez Skyway
7014,Heather Well
823,Lisa Via
9819,Adams Vista
557,Williams Well
479,Schmitt Trafficway
702,Gregory Ferry
41559,Lori Ramp
404,Jackson Walks
9403,Franklin Extension
6673,Macias Lodge
409,Baxter Lock
8973,Robert Land
324,Rebekah Corner
295,Bernard Cliff
2778,James Junctions
3221,Carol Mission
3979,Charles Centers
947,Travis Wells
738,Jones Ranch
7206,April Pass
0784,Tonya Summit
613,Neal Prairie
42537,Francis Walks
0223,Fleming Meadow
952,Amy Tunnel
48576,Torres Summit
3566,Anne Land
988,William Lakes
3191,Robert Cove
46020,Kennedy Turnpike
7554,Kelsey View
952,Hawkins Creek
95348,Park Lodge
50404,Erica Alley
97286,Bradley Shoals
732,Randy Glens
7441,Dustin Field
9201,Crystal Shoals
4038,Marshall Turnpike
6343,Hannah Flat
897,Monica Spur
5137,Kelly Spur
0167,James Haven
1333,Mercado Lodge
77537,Khan Prairie
63634,Jeremy Islands
2908,Kevin Streets
081,Michael Parkways
67693,Garcia Mills
719,Sandra Glen
99855,Cynthia Divide
31609,Moore Tunnel
143,Johnson Wall
47758,Mcdonald Ridges
504,Theresa Ports
293,Rebecca Trail
5140,Sutton Freeway
044,Sherry Junctions
3450,Willie Terrace
923,Laura Prairie
736,Donna Squares
70934,Jimenez Estate
03123,Kimberly Walks
09955,Wu Loaf
8299,Shawna Orchard
21752,Scott Camp
259,Hall Road
42681,Hamilton Circles
747,Bullock Avenue
760,Tran Points
519,Walsh Flat
0415,Patrick Centers
9093,Manuel Squares
678,Erika Walks
387,Mcdonald Glens
7516,Caitlin Point
0323,Rachel Roads
0156,Katherine Inlet
8077,Diana Cliffs
6690,Carroll Circle
371,Tammy Lock
43362,Jonathan Forks
1409,Justin Drive
2098,Hunter Rapids
302,Joshua Brook
217,Thompson Rapids
8325,Kimberly Greens
5234,Kenneth Stravenue
356,Shirley Summit
81203,Brandy River
8101,Christopher Branch
26287,Stephanie Circles
7636,Chen Inlet
66576,Sarah Groves
320,Ashley Forges
9214,Alex Island
60054,Katrina Falls
8160,Jackson Rapid
25813,Sanchez Groves
07750,Flores Crossroad
8576,Owens Hollow
5948,Jessica Orchard
058,Andrew Lakes
9345,Nunez Views
73249,Tiffany Trail
0814,Roy Summit
0015,Alicia Pike
301,Williams Mountain
92176,Juan Valley
29297,Zachary Ports
44326,Woods Branch
712,Franco Terrace
9701,Jodi Lane
1502,Sarah Hill
792,Antonio Stravenue
941,Williams Pike
788,Sutton Junction
5600,Lopez Squares
98571,Anderson Light
923,Nguyen Spring
5881,Farmer Mount
2847,Knapp Tunnel
123,Dixon Square
384,Patricia Gardens
50668,Abigail Light
11037,Oliver Row
41416,Klein Harbor
691,Vincent Hollow
813,Jason Row
3058,James Hill
6466,Christian Parks
49152,Bell Roads
68428,Hall Orchard
55688,Copeland Islands
310,Jennifer Highway
23656,Albert Trace
1278,Blake Drive
305,Ann Lakes
609,Byrd Curve
2998,Mccarty Ramp
167,Villanueva Radial
5410,Debra Court
7029,Butler Street
1713,Mack Squares
3020,Duke Stravenue
145,Natalie Islands
64370,Atkinson Rapids
290,Roman Harbor
700,Julie Dam
51047,Kidd Creek
17287,Burgess Stream
2555,Cooper Pike
9214,Alexander Wall
793,Russell Falls
8225,John Trace
3864,Brandon Vista
174,Parker Unions
26614,Goodman Centers
7837,Johnson Mission
71080,Fisher Trafficway
28630,Zimmerman Route
4411,Bishop Burg
75332,Linda Walks
8209,Ronald Ford
015,Simpson Forge
04040,Harris Cliff
726,Barbara Parkway
42386,Kelly Ville
5803,Rios Glen
237,Nguyen Loop
534,Wong Spur
712,Vanessa Drive
28717,Katherine Plaza
062,Tracy Vista
01687,Blair Viaduct
984,Joseph Ville
94310,Price Spring
3666,Miller Junctions
51764,Nicole Dam
846,May Dam
1537,Lindsey Streets
9467,Sanchez Row
67768,Richard Trafficway
0132,Gregory Drive
753,Brady Route
74646,Michelle Shoal
08195,Ramos Tunnel
92798,Wood Throughway
16559,Dalton Lake
400,Perkins Circles
023,Parker Shores
8398,Casey Causeway
1347,Jones Plain
349,Hatfield Lane
44327,Gutierrez Hills
701,Derek Village
655,Smith Land
41901,Wright Ridges
002,Fleming Port
2857,Reyes River
4651,Kevin Plain
39899,Ferguson Square
870,Jill Burgs
9244,Kathy Neck
10293,Smith Tunnel
99966,Robert Station
48667,Meadows Lock
253,Gutierrez Summit
8139,Kirsten Viaduct
4157,Heather Pass
125,Beth Causeway
004,Jacob Tunnel
3950,Harris Hills
38972,Amber Skyway
9261,Henry Grove
38480,Hunt Station
0302,Joseph Shoal
20981,Allison Ridges
06684,Schwartz Common
1789,Chavez Turnpike
68604,Diana Pines
6308,Parker Wall
0476,Cooper Pike
93603,Amber Views
5185,Daniel Crossing
18924,Gray Crossing
915,Rogers Loop
93822,Alejandra Crossroad
98699,Garcia Falls
50672,Smith Plaza
9562,William Road
4966,Fritz Underpass
6975,Marcus Trail
230,Jennifer Spurs
09676,Ferrell Points
520,Michelle Greens
508,Daniel Mountain
6123,Ellis Gateway
3160,Ann Via
195,Craig Turnpike
83549,Jody Creek
2128,Kimberly Forks
693,Bray Roads
66697,Rodriguez Flats
472,White Drive
8883,White Isle
605,Molly Garden
422,Jay Garden
610,Wells Street
174,Campos Terrace
6787,Rojas Valley
3271,Peterson Plaza
15716,Cain Road
77932,Thomas Drives
087,Carmen Village
9571,Johnson Crescent
9160,Joanna Locks
4311,Henderson Points
33022,Myers Highway
92879,Benjamin Hills
8004,Carlos Village
426,Sara Ford
2350,Anthony Rest
66632,Jonathan View
6548,Marshall Via
334,Katherine Hill
3882,Burton Island
35206,Michael Extension
64413,Caroline Meadow
57650,Wiley Station
33071,Martin Plaza
38964,John Ridge
684,Laura Heights
747,Fisher Drive
0856,Brown Key
302,Cooley Coves
24349,Michael Court
0452,Regina Shoals
4869,Smith Keys
551,David Lane
8787,Cindy Walk
968,Lynn Views
27618,Christina Fields
299,Paul Squares
46756,Ariel Crescent
1816,Stephanie Stream
569,Jordan Park
0490,Christine Keys
6162,Suzanne Villages
4962,Thomas Mountain
1023,Cesar Motorway
36902,Diaz Junction
621,Wallace Light
295,Norton Forks
054,Richardson Ferry
96310,Fisher Creek
628,Nelson Crossing
200,Price Trail
03875,Long Inlet
5288,Rebecca Neck
764,Jennifer Burgs
684,Steven Loaf
280,Perez Fields
27833,Jennifer Points
5314,Huber Ports
58458,Robin Streets
4342,Adam Harbors
80995,Reed Trafficway
078,Claudia Turnpike
801,Glenn Walk
6091,Laura Unions
269,Cortez Garden
814,Brown Turnpike
40684,Hogan Parkways
8526,Smith Village
56999,David Ville
266,Michael Rapids
8304,Roy Parkways
306,Tiffany Island
12998,Sarah Dam
297,Scott Manors
14305,Norris Rue
97095,Hughes Spring
53462,Meghan Viaduct
72074,Miller Drives
8753,Kramer Rapids
1059,Hartman Pines
34220,Williams Overpass
611,Elizabeth Views
453,Ellis Wells
1631,Michael Field
426,Cameron Trafficway
083,Tyler Keys
3003,Patricia Tunnel
6007,Lopez Cape
992,Hayes Way
53911,Jones Haven
284,Lopez Spur
1205,Thornton View
96031,Tanya Neck
9263,Robert Ways
08582,Cory Port
629,Zimmerman Brook
26681,Waller Roads
10488,Gaines Point
764,Torres Crossing
638,Contreras Rapid
708,Zamora Inlet
3831,William Turnpike
899,Miller Lodge
5821,Herbert Field
68946,Dean Courts
62380,Melissa Walk
56479,Jennifer Radial
63539,James Garden
808,Gray Drive
558,Castro Garden
055,Gregory Islands
93140,Hill Prairie
201,Woodward Crescent
459,Salazar Pike
922,Roberto Expressway
8718,Timothy Wells
31725,Long Lodge
5836,Katherine Passage
930,Rogers Landing
223,Joseph Turnpike
18685,Martinez Throughway
30486,Lori Plaza
90385,Rose Meadows
58998,Michelle Point
3278,Terry Mission
271,Christine Locks
216,Lisa Place
84231,Joel Mountains
5187,Hall Cove
462,Lyons Rest
1392,Mark Rapid
889,Andrew Grove
8336,Andrews Walk
46826,Meyer Keys
229,Graham Village
69514,Green Light
02371,Thomas Village
7308,Moore Squares
345,Lozano Stravenue
72429,Harrison Inlet
07823,Nelson Streets
203,Wanda Loop
63539,Timothy Point
03781,Harris Squares
58855,Curtis Summit
09480,Duncan Dale
525,Joshua Plains
6158,Kristi Route
33582,Kelsey Skyway
3428,Anna Summit
97410,Harvey Loaf
7403,Zimmerman Valleys
8728,John Extension
77009,Franklin Land
8839,Snow Ville
56690,Gonzalez Flat
122,Sanders Mountains
68415,Mcdonald Station
40173,Robert Parkway
206,Eric Shores
914,Delacruz Hill
89497,Jordan Common
96318,Laura Squares
408,Tara Forks
92380,Johnson Crossing
9418,Livingston Orchard
4082,Donna Unions
250,Robert Course
33789,Dylan Land
2265,Robert Glens
784,Donald Unions
1538,Morgan Shore
90488,Amanda Mountain
941,Fernandez Trail
1135,Sanders Mission
8020,John Shores
1642,Arthur Loop
024,Cook Rapids
896,Nicole Road
5112,Tara Plains
084,Mary Passage
738,Graham Ferry
90064,White Stream
47653,Grimes Park
7267,Rogers Dam
2839,Amanda Hill
174,Keith Dam
4111,Erin Rapid
456,Michelle Views
53964,Jonathan Isle
531,Daniel Avenue
222,James Park
072,Jamie Fields
36705,Timothy Freeway
119,Boyd Union
70795,Claudia Garden
398,Johnson Knolls
6562,Flowers Mountain
198,Emily Square
100,Friedman Squares
284,Jeremy Square
88758,Samantha Wells
204,Joseph Parks
02234,Young Place
900,King Extension
4208,Ryan Forge
137,Troy Cliffs
205,Laura Turnpike
846,Gutierrez Route
687,Jennifer Course
9700,Nelson Prairie
39126,Jean Rest
1791,James Valleys
82867,Anthony Mountains
95723,Smith Mall
805,Moody Loaf
83115,Sandra Shoals
94825,Maddox Springs
15514,Hamilton Highway
56829,Parks Lodge
97877,Miller Well
5814,Ryan Oval
6493,David Land
36613,Joseph Street
3720,Lisa Trace
671,Christina Route
19045,Richardson Parkways
083,Phelps Parks
7070,Jones Landing
295,Holloway Pass
2634,Amy Harbors
93274,Kendra Circle
96157,Caldwell Radial
07165,Gross Groves
59621,Maria Path
588,Kristy Inlet
37674,Smith Rue
5021,Michele Drive
730,Reed Ranch
623,Medina Rest
27960,Sarah Pass
45898,Deborah Springs
1904,Smith Brooks
70223,Rebecca Ways
37730,Nicholas Mall
158,Garcia Brooks
40275,Bruce Locks
17249,Robin Drives
24158,Matthew Common
7244,Molina Hollow
49862,Laura Tunnel
897,Hall Crossroad
11021,Morgan Plains
7425,Murphy Roads
9652,Ewing Mill
48850,Chase Hills
08270,Robinson Causeway
8918,Johnson Lights
6419,Michelle Mews
7675,Michelle Shoals
88172,Rachel Shore
8255,Robert Place
31394,Cody Summit
7325,Bailey Ways
1255,Carter Mews
09761,Patricia Road
1994,Marquez View
910,Gary Expressway
585,Theodore Ranch
208,Hughes Roads
77494,Bender Unions
834,Reyes Way
263,Daniel Circles
40665,Pineda Parkways
116,Brett Expressway
7028,Natalie Brooks
9462,Daniel Courts
7773,Jenna Mountain
252,Patton Garden
82060,Stone Points
1969,Rachel Mount
59103,Tracy Villages
2173,Duran Spurs
18915,Christopher Expressway
94641,Gonzalez Turnpike
44499,Shaw Highway
21451,Caroline Field
75680,Keith Inlet
567,Jesus Hills
004,Mays Lock
13602,Jennifer Mill
05028,Smith Streets
548,Santos Coves
37305,Cheyenne Shores
972,Mark Ridge
57595,Gomez View
35993,Branch Unions
061,Devin Orchard
332,Hansen Drive
623,Colleen Locks
82398,Marcus Alley
9228,Taylor Track
347,Ethan Dale
462,Holland Ramp
514,John Divide
269,Sherman Run
149,Justin Falls
25832,Caitlin Row
1744,Allen Viaduct
7044,Bauer Row
5014,Jennifer Extension
34368,Christian Passage
176,Wendy Village
064,Evans Isle
91425,Snyder Harbors
2797,Ashley Overpass
4744,Brenda Islands
54554,Martinez Dale
92514,Wise Ridges
1618,Sandra Canyon
47986,Leblanc Trace
287,Mark Creek
0843,Neal Mill
736,Valenzuela Spurs
41149,Harry Flat
32580,Kim Rest
154,Jeffrey Springs
752,Mccarty Highway
648,Thomas Plain
5904,Wade Roads
1842,Mercado Green
9562,Velasquez Estates
947,Wood Tunnel
6714,Valenzuela Mount
28355,Aaron Meadows
928,Kristopher Canyon
888,Amber Islands
6856,Lawson Burgs
7413,Williamson Plains
031,Watson Fields
42623,Kelly Cape
161,Melissa View
4451,Jonathan Skyway
9309,Summer Club
7181,Silva Causeway
25002,Cooper Fort
09945,Guzman Path
931,Charles Fork
17402,Kenneth Mills
400,Graham Spring
3519,Anna Mills
64186,Stephanie Turnpike
27866,Strickland Landing
74938,Danielle Lodge
502,Morales Summit
2942,Craig Union
8565,Stephen Glens
153,Kevin Point
61756,Davidson Underpass
756,Amy Expressway
76803,Robertson Circle
3266,Thomas Knoll
8773,Edwards Station
4388,Melissa Valley
0633,Alison Rapid
513,Spencer Plain
52141,Alvarez Street
868,Lisa Extension
0392,Ashlee Cove
33397,Adam Views
438,Lewis Meadows
647,Little Greens
474,Jose Crossroad
11405,Heather Roads
7270,Greene Parks
255,Graham Crescent
2599,Daniel Shoals
868,James Pine
54560,Clay Row
455,Ross Mills
5998,Schmidt Skyway
6530,Michael Lakes
0938,Valentine Expressway
201,Kent Garden
09590,Howard Crescent
99342,Flynn Turnpike
37330,Daniel Squares
3484,Paula Course
9814,Coleman Divide
20816,Michael Drive
968,Hansen Island
82784,Sarah Views
07005,Jackson Unions
1684,Crystal Lake
902,Reyes Valley
264,Nelson Center
46248,Justin Way
9596,Debra Parks
8306,Fields View
0502,Erik Mill
608,Pena Hill
97236,Davis Ford
800,Woods Mill
05403,John Fort
98915,Walker Hills
82264,Brian Loop
54021,Heidi Parks
67191,Scott Ramp
68757,Francisco Station
960,Mark Track
0794,John Skyway
9705,Joseph Mission
3774,Bennett Lights
61778,Thomas Fields
68696,Lisa Glens
32686,Sanchez Trail
9013,Patrick Route
81912,Jenkins Stravenue
650,Tamara Common
806,Snyder Mountains
83229,Burns Summit
19770,Mcdonald Coves
11608,Ibarra Coves
781,Hunt Shoals
9174,Gerald Cliff
2809,Chavez Heights
12819,Wong Drives
169,Gallagher Rapid
892,Alison Tunnel
7004,Anderson Underpass
55813,Jones Plains
0834,Sandoval Springs
52278,Johnston Ways
537,Carney Crescent
86687,Brooks Isle
271,Erin Light
0594,Ethan Plaza
982,Kelsey Extension
46906,Harris Summit
9368,Nicole Port
16353,Bryan Parks
3373,Meyer Isle
61946,Vaughn Groves
37095,Phillip Harbors
4992,Derek Ramp
1955,Joe Coves
464,Michael Key
028,Sarah Isle
949,Shawn Summit
8457,Perez Isle
73145,Judy Plaza
7178,Gonzales Street
16490,Anthony Village
4793,Carter Orchard
215,Herrera Trace
2022,Linda Lake
4189,Scott Ramp
984,Guzman Underpass
4093,Jeanette River
602,Murphy Place
67101,Heidi Gardens
61621,Jaclyn Villages
694,Cox Forest
401,Paul Cliff
268,Perez Lights
421,Scott Drive
138,Heidi Orchard
84305,Reilly Center
17884,Debra Oval
004,Maria Port
905,Walton Trail
753,Ruben Ranch
086,Devon River
924,James Heights
716,Miller Ranch
1710,Robert Forest
16010,Karen Fort
058,Rhonda Inlet
88256,Amanda Branch
46600,Kristin View
48943,Mathews Dam
9179,Leslie Orchard
037,Oneal Square
26637,Jacob Court
17293,Ballard Groves
125,Nicholson Prairie
9361,Barry Via
6729,Johnson Lights
860,Ronald Burgs
134,Russell Highway
7239,Ferguson Field
96677,Ashlee Harbor
30896,Michael Heights
492,William Forges
23487,Kelly View
2429,Andrew Crossing
34843,Payne Green
95296,Vicki Prairie
232,Wu Roads
18902,Conrad Causeway
8925,Anna Hills
3268,Michele Mount
817,Sanchez Divide
082,Livingston Plaza
712,Kimberly Squares
643,Samantha Crescent
52333,William Isle
5608,Michelle Hill
180,Michelle Court
3055,Kristina Shoals
33607,Anna Dam
3336,Chelsey Mountains
5573,Cory Greens
689,Elizabeth River
3347,Raymond Mount
1242,Jonathon View
935,Williams Roads
86987,Gentry Land
697,Brad Village
934,Glenn Avenue
2608,Mills Via
587,Tammy Locks
5044,Smith Mill
699,Michael Stravenue
4719,Conrad Turnpike
658,Mullen Stravenue
4326,Garrison Glens
58092,Cisneros Mountain
81341,Ryan Key
3638,Sampson Fields
7865,Sarah Isle
2658,Nguyen Lakes
0534,Hogan Cape
32019,Anthony Square
11897,Erin Mountain
5297,Perez Circle
5677,Jennings Land
21431,Andrew Tunnel
29928,Greg Shores
62554,Thompson Common
259,John Creek
8578,Brandon Bridge
1634,Katie Branch
720,Payne Lodge
33233,Kyle Passage
8961,Christopher Points
29290,Alyssa Track
375,Jeffrey Spurs
4636,Bauer Glens
1889,Melvin Bypass
300,Tanner Spring
0332,Chad Run
2874,April Well
68985,Alisha Islands
72454,Griffin Villages
60561,Vincent Stream
4866,Gina Lodge
9118,Sabrina Tunnel
936,Peterson Shoal
9716,Ian Ways
68615,Robin Green
059,Hale Port
5955,Cynthia Forks
39189,Horn Vista
513,Anderson Lake
1653,Louis Ports
804,Cruz Coves
1667,Kimberly Motorway
6493,Estes Shoal
96671,Curry Trail
270,Katherine Corners
08814,Grant Forest
6209,Patricia Streets
1559,Nixon Vista
472,Amy Way
815,Smith Canyon
3803,Schmidt Unions
7834,Galvan Circles
90783,Holly Ridges
26163,Max Locks
909,Melanie Bypass
441,Carol Skyway
4973,Rivas Unions
6784,Marissa Hills
282,Amy Squares
7789,Meghan Mills
1073,Megan Lakes
529,Holly Field
2251,Castro Meadow
899,Garcia Bridge
1265,Dana Causeway
7947,Fields Haven
12432,Alicia Forest
24027,Bentley Crest
21064,Catherine Landing
9822,Payne Centers
710,Rebecca View
3306,Turner Ramp
53320,Jose Gateway
34795,Matthew Fords
599,Jennifer Orchard
6221,Franklin Villages
6026,Johnson Village
3837,Harrington Fords
43633,Danielle Views
3452,Rice Road
90474,Jonathan Expressway
716,Ryan Flat
42968,Christopher Prairie
77664,Hunter Village
7599,Angela Summit
9704,Nguyen Junction
370,Jeanette Vista
5976,Hawkins Branch
45655,Karen Drive
390,Hicks Ramp
283,April Rapid
99853,Allison Tunnel
89743,Potts Shoal
8102,Martin Lights
8291,Kaitlin Union
60351,Ryan Lodge
63676,Whitaker Brook
28172,Carol Lock
395,Gonzalez Glens
584,Jacob Road
07863,Ward Terrace
21875,Novak Fords
361,Munoz Estates
990,Samantha Springs
8265,Jenna Field
13050,Harvey Extensions
999,Mary Stravenue
07194,Munoz Trail
090,Charles Locks
30165,Misty Stravenue
211,Brewer Gateway
45393,Joseph Summit
42091,David Street
52584,Chavez Ridges
114,Tammy Vista
884,Jay Way
